title,author,advisor,year,handle,link
Alkalmazásfejlesztés Android platformra,"Alexa, Bence","Adamkó, Attila",2016,2437/226148,https://dea.lib.unideb.hu/handle/2437/226148
Android alkalmazásfejlesztés,"Balázs, Viktor","Adamkó, Attila",2018,2437/261380,https://dea.lib.unideb.hu/handle/2437/261380
Android alkalmazásfejlesztés,"Balogh, István; Kaszab, Imre; Tarr, Bence","Adamkó, Attila",2017,2437/239660,https://dea.lib.unideb.hu/handle/2437/239660
Android alkalmazásfejlesztés,"Bugjó, Krisztián Roland","Adamkó, Attila",2020,2437/286674,https://dea.lib.unideb.hu/handle/2437/286674
Android alkalmazásfejlesztés IoT területen,"Bakos, Dávid","Adamkó, Attila",2016,2437/226190,https://dea.lib.unideb.hu/handle/2437/226190
Android alkalmazásfejlesztés SMART monitoring,"Kovács, Arnold Szilveszter","Adamkó, Attila",2018,2437/250870,https://dea.lib.unideb.hu/handle/2437/250870
Android Application Development,"Angic, Batuhan","Adamkó, Attila",2014-05-19T08:17:04Z,2437/192606,https://dea.lib.unideb.hu/handle/2437/192606
Android customizálás mesterfokon,"Sápi, Attila","Adamkó, Attila",2014-01-17T11:21:50Z,2437/178689,https://dea.lib.unideb.hu/handle/2437/178689
Android game development,"Gerisgen, Ferit","Adamkó, Attila",2016,2437/232855,https://dea.lib.unideb.hu/handle/2437/232855
Android Role-Playing Game,"Nagy, István Zoltán","Adamkó, Attila",2021,2437/307419,https://dea.lib.unideb.hu/handle/2437/307419
Android és Java EE szolgáltatás alapokon,"Orbán, István","Adamkó, Attila",2018,2437/250640,https://dea.lib.unideb.hu/handle/2437/250640
Autódiagnosztikai alkalmazás fejlesztése Android platformra,"Posta, Márió Bálint","Adamkó, Attila",2017,2437/245985,https://dea.lib.unideb.hu/handle/2437/245985
Beltéri navigációs megoldások Android operációs rendszeren,"Uszkai, Sándor","Adamkó, Attila",2017,2437/245536,https://dea.lib.unideb.hu/handle/2437/245536
Dokumentumtár alkalmazás fejlesztése,"Komló, Tibor","Adamkó, Attila",2023,2437/350457,https://dea.lib.unideb.hu/handle/2437/350457
Dokumentumtár alkalmazás fejlesztése,"Kiss-Imre, Dalma","Adamkó, Attila",2023,2437/350332,https://dea.lib.unideb.hu/handle/2437/350332
Internetes alkalmazás fejlesztése FLEX és PHP alapokon,"Forray, Mihály","Adamkó, Attila",2011-12-28T12:30:44Z,2437/120185,https://dea.lib.unideb.hu/handle/2437/120185
Keresztplatformos HTML5 alkalmazás fejlesztő eszközök,"Hajdu, Attila","Adamkó, Attila",2013-06-06T08:35:36Z,2437/170362,https://dea.lib.unideb.hu/handle/2437/170362
Korszerű alkalmazásfejlesztés mobil platformon,"Uszkai, Sándor","Adamkó, Attila",2020,2437/286906,https://dea.lib.unideb.hu/handle/2437/286906
Környezeti jellemzők vizsgálata IoT technológiák felhasználásával és alkalmazásfejlesztés,"Vasváry, Gábor","Adamkó, Attila",2020,2437/298715,https://dea.lib.unideb.hu/handle/2437/298715
Közösségi Média Alkalmazás Fejlesztése Modellvezérelt Módon,"Salagvárdi, Tibor","Adamkó, Attila",2018,2437/252071,https://dea.lib.unideb.hu/handle/2437/252071
Module Based Development on Android,"Sotaya, Yakubu","Adamkó, Attila",2013-12-03T09:09:41Z,2437/177313,https://dea.lib.unideb.hu/handle/2437/177313
Smart Campus - Android és Java EE alapokon,"Kovács-Ferenc, Norbert; Bak, Balázs; Erdei, Krisztián; Fekete, Attila; Holozsnyák, Nándor Kristóf","Adamkó, Attila",2017,2437/240398,https://dea.lib.unideb.hu/handle/2437/240398
Smart Campus - Android és Java EE alapokon,"Holozsnyák, Nándor Kristóf; Bak Balázs; Erdei Krisztián; Fekete Attila; Kovács-Ferenc Norbert","Adamkó, Attila",2017,2437/240397,https://dea.lib.unideb.hu/handle/2437/240397
Szemantikus web alkalmazás - Szakterületi Glosszárium,"Nagy, Géza","Adamkó, Attila",2010-01-25T08:25:26Z,2437/91336,https://dea.lib.unideb.hu/handle/2437/91336
Sziklamászás tematikájú Android alkalmazás fejlesztése,"Firneisz, Áron Ákos","Adamkó, Attila",2023,2437/350744,https://dea.lib.unideb.hu/handle/2437/350744
Szoftverfüggőségek kezelésére szolgáló alkalmazás tervezése és fejlesztése,"Antal, Asztrik; Vereb, György","Adamkó, Attila",2022,2437/332255,https://dea.lib.unideb.hu/handle/2437/332255
Vállalati webalkalmazás fejlesztése IoT eszközökhöz,"Pál, Marcell Kristóf; Lovas, Rita Barbara","Adamkó, Attila",2021,2437/307550,https://dea.lib.unideb.hu/handle/2437/307550
Webes alkalmazás fejlesztés JAVA-ban,"Barócsi, Norbert József","Adamkó, Attila",2020,2437/285823,https://dea.lib.unideb.hu/handle/2437/285823
Webáruház alkalmazásának fejlesztése Android operációs rendszerre,"Varga, Zsolt","Adamkó, Attila",2021,2437/307730,https://dea.lib.unideb.hu/handle/2437/307730
Étterem támogató alkalmazás,"Czinke, Márton","Adamkó, Attila",2021,2437/325810,https://dea.lib.unideb.hu/handle/2437/325810
Fitnesz alkalmazás fejlesztése Java platformon,"Fenyvesi, Mátyás","Adamkó, Attila; Kusper, Gábor",2022,2437/332303,https://dea.lib.unideb.hu/handle/2437/332303
Videokonferencia alkalmazás létrehozása WebRTC alapokon és QoS tulajdonságainak elemzése,"Balyi, Viktor","Adamkó, Attila; Mészáros, Mihály Szabolcs",2022,2437/340763,https://dea.lib.unideb.hu/handle/2437/340763
Webes kérdőív alkalmazás fejlesztése,"Rácz, András István","Adamkó, Attila; Tajti, Tibor Gábor",2023,2437/350507,https://dea.lib.unideb.hu/handle/2437/350507
A BaseQuest logikai játék elkészítése Android platformon,"Tarr, Bence","Aszalós, László",2015,2437/212543,https://dea.lib.unideb.hu/handle/2437/212543
Kétszemélyes játék fejlesztése Android operációs rendszerre,"Szűcs, Marcell","Aszalós, László",2020,2437/298574,https://dea.lib.unideb.hu/handle/2437/298574
Szakköri alkalmazás,"Harangi, Lajos","Aszalós, László",2021,2437/309009,https://dea.lib.unideb.hu/handle/2437/309009
Adatbázis alapú alkalmazás fejlesztése Borland Delphi környezetben,"Molnár, János","Bajalinov, Erik",2010-06-04T08:43:29Z,2437/97115,https://dea.lib.unideb.hu/handle/2437/97115
Adatbázis alapú alkalmazás fejlesztése Delphi rendszerben,"Rácz, Csaba","Bajalinov, Erik",2007-01-25T11:02:51Z,2437/820,https://dea.lib.unideb.hu/handle/2437/820
Adatbázis alapú alkalmazás fejlesztése Delphiben,"Lukács, Sándor","Bajalinov, Erik",2007-05-11T08:08:31Z,2437/2249,https://dea.lib.unideb.hu/handle/2437/2249
Adatbázis-alapú alkalmazás fejlesztése Delphiben,"Nagy, János","Bajalinov, Erik",2007-01-19T14:54:05Z,2437/737,https://dea.lib.unideb.hu/handle/2437/737
Adatbázis-alapú alkalmazás-fejlesztés Board Delphiben,"Nagy, Annamária","Bajalinov, Erik",2006-08-01T12:26:48Z,2437/297,https://dea.lib.unideb.hu/handle/2437/297
Adatbázis-alapú alkalmazás-fejlesztés Borland Delphiben,"Zakor, Szilárd","Bajalinov, Erik",2008-04-28T06:44:22Z,2437/4156,https://dea.lib.unideb.hu/handle/2437/4156
Adatbázis-alapú alkalmazás-fejlesztés Borland Delphiben,"Károly, Berecz","Bajalinov, Erik",2009-11-16T08:16:46Z,2437/90102,https://dea.lib.unideb.hu/handle/2437/90102
Webes Alkalmazás-fejlesztés Borland Delphiben,"Szabó, Zsolt","Bajalinov, Erik",2007-05-29T08:21:38Z,2437/2369,https://dea.lib.unideb.hu/handle/2437/2369
WebGIS alkalmazás fejlesztése talajkémiai paraméterek vízminőségének meghatározásához és vizualizációjához,"Tari, Levente","Balla, Dániel Zoltán",2025,2437/387487,https://dea.lib.unideb.hu/handle/2437/387487
Alkalmazásfejlesztés Android platformra,"Busák, Zoltán","Balla, Tibor",2017,2437/245950,https://dea.lib.unideb.hu/handle/2437/245950
Alkalmazásfejlesztés Android platformra,"Bagi, Péter","Balla, Tibor",2015,2437/220546,https://dea.lib.unideb.hu/handle/2437/220546
Android alapú alkalmazásfejlesztés a köznevelésben,"Somogyi, István","Balla, Tibor",2017,2437/246311,https://dea.lib.unideb.hu/handle/2437/246311
Crowdsourcing alkalmazás fejlesztése Android platformra,"Salagvárdi, Tibor","Balla, Tibor",2015,2437/213101,https://dea.lib.unideb.hu/handle/2437/213101
Digitális sziklamászó kalauz android platformra,"Hepp, Olivér","Balla, Tibor",2015,2437/211841,https://dea.lib.unideb.hu/handle/2437/211841
Elveszett kutya kereső alkalmazás fejlesztése Android platformra,"Turi, Lajos Gergő","Balla, Tibor",2016,2437/233071,https://dea.lib.unideb.hu/handle/2437/233071
Helymeghatározás alapú apróhirdetést támogató  alkalmazás fejlesztése Android platformra,"Pusinszky, Viktor","Balla, Tibor",2017,2437/239970,https://dea.lib.unideb.hu/handle/2437/239970
Híraggregátor portál alkalmazás fejlesztése,"Paládi, Ádám","Balla, Tibor",2018,2437/259735,https://dea.lib.unideb.hu/handle/2437/259735
Intelligens világításkapcsoló vezérlése Android alkalmazással,"Bertalan, Ádám","Balla, Tibor",2017,2437/239077,https://dea.lib.unideb.hu/handle/2437/239077
Közösségi útitárskereső rendszer megvalósítása Android platformon,"Szentpéteri, Nándor","Balla, Tibor",2015,2437/220281,https://dea.lib.unideb.hu/handle/2437/220281
Nagyvállalati környezetben történő teszt automatizálást elősegítő java alapú web alkalmazás készítése,"Varga, Zoltán","Balla, Tibor",2017,2437/245981,https://dea.lib.unideb.hu/handle/2437/245981
Optikai karakterfelismerő módszerek gyakorlati alkalmazási lehetőségei Android platformon,"Csáki, Gergő","Balla, Tibor",2014-05-08T14:00:44Z,2437/191730,https://dea.lib.unideb.hu/handle/2437/191730
Tabulatúrák interaktív vizualizációja egy közösségi alkalmazás megvalósításában,"Takács, Tamás","Balla, Tibor",2017,2437/239096,https://dea.lib.unideb.hu/handle/2437/239096
Önkéntes munkavállalást támogató alkalmazás fejlesztése Java platformon,"Kövér, Gergely István","Balla, Tibor",2016,2437/232720,https://dea.lib.unideb.hu/handle/2437/232720
RESTful szolgáltatások használata mobil és webes alkalmazásokkal,"Tóth, Dániel","Balla, Tibor; Zelei, Attila",2016,2437/227432,https://dea.lib.unideb.hu/handle/2437/227432
C++ alapú MPS feldolgozó alkalmazás,"Mátyus, Veronika","Bekéné Rácz, Anett",2011-05-02T07:25:47Z,2437/105528,https://dea.lib.unideb.hu/handle/2437/105528
Alkalmazás fejlesztése a Blue Prism folyamatmodellezés támogatásához,"Tóth, Péter","Bertók, Csanád",2021,2437/308176,https://dea.lib.unideb.hu/handle/2437/308176
Android alkalmazás fejlesztése e-sport adminisztrációs rendszerhez,"Lovas, Rita Barbara","Besenczi, Renátó",2019,2437/266309,https://dea.lib.unideb.hu/handle/2437/266309
Az ötlettől a megvalósításig - Android játékfejlesztés Unity-ben,"Szabó, Ákos","Besenczi, Renátó",2021,2437/306191,https://dea.lib.unideb.hu/handle/2437/306191
E-sport adminisztrációs asztali alkalmazás készítése Java nyelven,"Pénzes, Roland","Besenczi, Renátó",2019,2437/266438,https://dea.lib.unideb.hu/handle/2437/266438
Gaming képességeket felmérő C# alkalmazás,"Szabó, Patrik","Besenczi, Renátó",2022,2437/340122,https://dea.lib.unideb.hu/handle/2437/340122
iOS alkalmazás fejlesztése e-sport adminisztációs rendszerhez,"Magyar, Tamás","Besenczi, Renátó",2019,2437/267023,https://dea.lib.unideb.hu/handle/2437/267023
Okos étterem alkalmazás fejlesztése,"Czevár, István","Besenczi, Renátó",2020,2437/298956,https://dea.lib.unideb.hu/handle/2437/298956
Smart home mobilapplikációs rendszerek fejlesztése,"Kocsis, Kamilla Vivien","Besenczi, Renátó",2022,2437/339709,https://dea.lib.unideb.hu/handle/2437/339709
2D mobilalkalmazás fejlesztése Unity játékmotorral,"Taradáj, Valentin","Biró, Piroska",2024,2437/365921,https://dea.lib.unideb.hu/handle/2437/365921
7GeoQuiz alkalmazás fejlesztése,"Kürti, Csongor Zoltán","Biró, Piroska",2019,2437/266777,https://dea.lib.unideb.hu/handle/2437/266777
"A Facebook, mint oktatási eszköz és WLAN Facebook oktató alkalmazás","Tóth, Péter","Biró, Piroska",2012-11-22T07:51:19Z,2437/152983,https://dea.lib.unideb.hu/handle/2437/152983
Android adattitkosító alkalmazás fejlesztése,"Kátai, Patrik","Biró, Piroska",2022,2437/331998,https://dea.lib.unideb.hu/handle/2437/331998
Android alapú alkalmazásfejlesztés,"Vég, Tamás László","Biró, Piroska",2015,2437/220483,https://dea.lib.unideb.hu/handle/2437/220483
Android alkalmazás az élelmiszer-hulladék keletkezésének megelőzésére,"Udvardy, Márton László","Biró, Piroska",2021,2437/325491,https://dea.lib.unideb.hu/handle/2437/325491
Android az autóban,"Hegedűs, Levente","Biró, Piroska",2016,2437/225321,https://dea.lib.unideb.hu/handle/2437/225321
Android mobilalkalmazás fejlesztése: Fitness Guide,"Fajszi, Ádám","Biró, Piroska",2024,2437/374456,https://dea.lib.unideb.hu/handle/2437/374456
Android táblarendszerű lista- és feladatkezelő alkalmazás,"Délczeg, Sándor Balázs","Biró, Piroska",2026,2437/404435,https://dea.lib.unideb.hu/handle/2437/404435
Az asztalitenisz sportot támogató mobil alkalmazás fejlesztése,"Hosszú, Szilárd József","Biró, Piroska",2022,2437/330990,https://dea.lib.unideb.hu/handle/2437/330990
Az iOS fejlesztés bemutatása egy költségvetés szervező alkalmazás fejlesztésén keresztül,"Eszenyi, Gábor","Biró, Piroska",2018,2437/251869,https://dea.lib.unideb.hu/handle/2437/251869
Be Ready For Easy Life Android alkalmazás,"Kozma, Richárd","Biró, Piroska",2020,2437/286938,https://dea.lib.unideb.hu/handle/2437/286938
Beekeeper alkalmazás fejlesztése méhészetek számára,"Király, Balázs","Biró, Piroska",2023,2437/350670,https://dea.lib.unideb.hu/handle/2437/350670
Befektetés a jövőbe egy mobilalkalmazás segítségével,"Harmati, Norbert Márk","Biró, Piroska",2021,2437/306042,https://dea.lib.unideb.hu/handle/2437/306042
Classic Buddy mobilalkalmazás,"Égerházi, Péter","Biró, Piroska",2024,2437/365910,https://dea.lib.unideb.hu/handle/2437/365910
Connect four Android alkalmazás,"Pallai, Gergő","Biró, Piroska",2017,2437/238412,https://dea.lib.unideb.hu/handle/2437/238412
DigiList – Intelligens bevásárlólista alkalmazás mobilplatformra React Native és Firebase alapokon,"Labbancz, Balázs Márk","Biró, Piroska",2026,2437/413261,https://dea.lib.unideb.hu/handle/2437/413261
E-commerce mobilalkalmazás fejlesztése React Native keretrendszerrel,"Molnár, Zoltán","Biró, Piroska",2022,2437/330919,https://dea.lib.unideb.hu/handle/2437/330919
Emlékeztető alkalmazás szorongás csökkentésére elő-értesítéssel Android környezetben,"Sztanojev, Péter","Biró, Piroska",2020,2437/299036,https://dea.lib.unideb.hu/handle/2437/299036
Escape from Ocean mobil alkalmazás fejlesztése,"Márton, Ákos","Biró, Piroska",2019,2437/277074,https://dea.lib.unideb.hu/handle/2437/277074
Eseménymegosztó mobilalkalmazás fejlesztése Kotlin nyelven,"Deák, Eszter","Biró, Piroska",2026,2437/404432,https://dea.lib.unideb.hu/handle/2437/404432
F1 Race Tracker mobilalkalmazás fejlesztése,"Kemecsei, Márk","Biró, Piroska",2026,2437/413263,https://dea.lib.unideb.hu/handle/2437/413263
Filmértékelő mobilalkalmazás fejlesztése,"Kalmár, Patrik László","Biró, Piroska",2021,2437/306419,https://dea.lib.unideb.hu/handle/2437/306419
Fitness for Fine android alkalmazás,"Barna, Vilmos","Biró, Piroska",2020,2437/285967,https://dea.lib.unideb.hu/handle/2437/285967
FitnessAnywhere Android alapú alkalmazás fejlesztése,"Forgács, László","Biró, Piroska",2020,2437/286910,https://dea.lib.unideb.hu/handle/2437/286910
Fittárs android alkalmazás közösségi sportoláshoz,"Boros, Gergő","Biró, Piroska",2017,2437/238910,https://dea.lib.unideb.hu/handle/2437/238910
Gamifikált fitnesz mobil alkalmazás,"Abari, Gergő","Biró, Piroska",2026,2437/413259,https://dea.lib.unideb.hu/handle/2437/413259
Gépi tanulás szolgáltatás fejlesztése diagnosztikai céllal mobil platformra,"Szabó, Máté","Biró, Piroska",2018,2437/250467,https://dea.lib.unideb.hu/handle/2437/250467
Háztartáskezelő Android alkalmazás fejlesztése,"Bellér, Csaba","Biró, Piroska",2024,2437/374458,https://dea.lib.unideb.hu/handle/2437/374458
Idegen nyelvtanulást segítő mobilalkalmazás fejlesztése,"Sarbak, Márkó","Biró, Piroska",2026,2437/413260,https://dea.lib.unideb.hu/handle/2437/413260
"Informatikai szakmai napok Android alkalmazás: Cégek, Térkép és bejelentkező felület","Boros, Dániel Tibor","Biró, Piroska",2019,2437/266428,https://dea.lib.unideb.hu/handle/2437/266428
Információk a Naprendszerről iOS alkalmazásban,"Karpács, István","Biró, Piroska",2022,2437/331110,https://dea.lib.unideb.hu/handle/2437/331110
Keresztplatformos mobilalkalmazás fejlesztése Xamarin keretrendszerrel egészség és fitnesz témában,"Lőrincz, Péter Pál","Biró, Piroska",2018,2437/259637,https://dea.lib.unideb.hu/handle/2437/259637
Kiterjesztett valóság mobil alkalmazásokban,"Pete, Zsolt","Biró, Piroska",2019,2437/266966,https://dea.lib.unideb.hu/handle/2437/266966
Klikkelő játék fejlesztése Android platformra,"György, Richárd","Biró, Piroska",2021,2437/306572,https://dea.lib.unideb.hu/handle/2437/306572
Kutyakiképzést támogató mobilalkalmazás fejlesztése,"Balogh, Boglárka","Biró, Piroska",2026,2437/404433,https://dea.lib.unideb.hu/handle/2437/404433
Költségnyilvántartó alkalmazás fejlesztése Androidra,"Mag, Tamás","Biró, Piroska",2020,2437/286256,https://dea.lib.unideb.hu/handle/2437/286256
Közösségi média applikáció készítése Android platformra,"Vitéz, Márk","Biró, Piroska",2021,2437/308324,https://dea.lib.unideb.hu/handle/2437/308324
"Mobil alkalmazás fejlesztése a horgászok számára: horgászhelyek felvétele, keresése, halfajok és módszerek ismertetése","Ivány, Adrián","Biró, Piroska",2025,2437/387392,https://dea.lib.unideb.hu/handle/2437/387392
Mobil alkalmazások fejlesztése,"Cselle, Lajos","Biró, Piroska",2016,2437/227081,https://dea.lib.unideb.hu/handle/2437/227081
Mobil Alkalmazások és a Közösségi Média: Kapcsolatuk és Felhasználói Elvárások,"Balogh, Dávid","Biró, Piroska",2024,2437/374459,https://dea.lib.unideb.hu/handle/2437/374459
Nyelvtanulást segítő mobil applikáció fejlesztése Android rendszerre,"Dobi, Gergő","Biró, Piroska",2020,2437/298782,https://dea.lib.unideb.hu/handle/2437/298782
Online Napló alkalmazás fejlesztése Android eszközre,"Fehér, Gergő","Biró, Piroska",2022,2437/339837,https://dea.lib.unideb.hu/handle/2437/339837
"Otthoni könyv, CD és DVD nyilvántartó mobil alkalmazás","Osztós, Zsombor","Biró, Piroska",2023,2437/351169,https://dea.lib.unideb.hu/handle/2437/351169
Platformfüggetlen mobil alkalmazások fejlesztésének lehetőségei,"Rácz, Zoltán","Biró, Piroska",2017,2437/238711,https://dea.lib.unideb.hu/handle/2437/238711
Programozás Mobil eszközökkel,"Biró, Máté László; Szilágyi, Csaba Nándor","Biró, Piroska",2019,2437/276833,https://dea.lib.unideb.hu/handle/2437/276833
Recept ajánló és menedzselő mobilalkalmazás fejlesztése Java nyelven,"Széles, Bence Dávid","Biró, Piroska",2026,2437/413265,https://dea.lib.unideb.hu/handle/2437/413265
Rendezvényszervező mobilalkalmazás fejlesztése eseménykezelési és értesítési funkciókkal,"Kiss, József Dániel","Biró, Piroska",2026,2437/413264,https://dea.lib.unideb.hu/handle/2437/413264
Rest API és React Native segítségével mobil alkalmazás fejlesztés,"Szabó, Levente Edvárd","Biró, Piroska",2020,2437/285962,https://dea.lib.unideb.hu/handle/2437/285962
RockFall: 2D platformjáték fejlesztése Android operációs rendszerre,"Lizak, Fabio","Biró, Piroska",2020,2437/285821,https://dea.lib.unideb.hu/handle/2437/285821
Second Brain naptár alkalmazás fejlesztése,"Eszenyi, László","Biró, Piroska",2017,2437/245534,https://dea.lib.unideb.hu/handle/2437/245534
Sejtautomaták implementációja Android rendszeren,"Mészáros, Dominik","Biró, Piroska",2025,2437/387390,https://dea.lib.unideb.hu/handle/2437/387390
Self-manager android alkalmazás,"Szabó, Márton","Biró, Piroska",2019,2437/276796,https://dea.lib.unideb.hu/handle/2437/276796
Sorozatfigyelő mobilalkalmazás fejlesztése Android platformra,"Nagy, Viktória","Biró, Piroska",2026,2437/404434,https://dea.lib.unideb.hu/handle/2437/404434
Tanteremkereső alkalmazás Android platformra,"Koncz, Máté Ferenc","Biró, Piroska",2016,2437/225676,https://dea.lib.unideb.hu/handle/2437/225676
UniSeek – Mobil alkalmazás fejlesztés az elveszett tárgyak kezelésére,"Székely, Ádám","Biró, Piroska",2025,2437/394801,https://dea.lib.unideb.hu/handle/2437/394801
UniSlido iOS alkalmazás,"Kapi, Zoltán Erik","Biró, Piroska",2019,2437/276649,https://dea.lib.unideb.hu/handle/2437/276649
Vércukornapló alkalmazás fejlesztése cukorbetegek számára,"Portik, Örs","Biró, Piroska",2024,2437/374460,https://dea.lib.unideb.hu/handle/2437/374460
Árfigyelő alkalmazás fejlesztése Android eszközre,"Mászlai, Zsanett","Biró, Piroska",2023,2437/349975,https://dea.lib.unideb.hu/handle/2437/349975
Alkalmazás fejlesztés JAVA nyelven,"Tóth, Antal Lajos","Boda, István",2008-04-30T07:30:02Z,2437/4534,https://dea.lib.unideb.hu/handle/2437/4534
Alkalmazás fejlesztés Java nyelven,"Kotsis, Attila","Boda, István",2007-05-15T09:09:15Z,2437/2259,https://dea.lib.unideb.hu/handle/2437/2259
Könyvtári alkalmazás fejlesztés,"Mátyusné Szabó, Adrienn","Boda, István",2008-06-02T13:10:56Z,2437/5477,https://dea.lib.unideb.hu/handle/2437/5477
MARC rekordok feldolgozása Java alkalmazás segítségével,"Kovács, Krisztián","Boda, István",2010-05-14T09:12:02Z,2437/96339,https://dea.lib.unideb.hu/handle/2437/96339
Alkalmazás fejlesztés Lotus Notes alapokon,"Sarkadi, Csaba","Bodroginé Zichar, Marianna",2009-05-07T06:21:08Z,2437/85396,https://dea.lib.unideb.hu/handle/2437/85396
"Android alkalmazással vezérelhető elektromos autó, mikrokontroller segítségével","Tóth, Tamás","Buchman, Attila",2025,2437/395082,https://dea.lib.unideb.hu/handle/2437/395082
Automatikus intelligens növénynevelő/gondozó rendszer mobil app vezérléssel,"József, Csaba András","Buchman, Attila",2025,2437/395081,https://dea.lib.unideb.hu/handle/2437/395081
"IoT jellegű, RFID alapú leltározás SQL szerverre","Koncz, Tamás","Buchman, Attila",2015,2437/212555,https://dea.lib.unideb.hu/handle/2437/212555
Jelenlét érzékelés Android eszköz használatával,"Csáki, Gergely","Buchman, Attila",2015,2437/203228,https://dea.lib.unideb.hu/handle/2437/203228
Munkaállomás biztosítása Android eszköz használatával és optikai követő algoritmussal,"Csáki, Gergely","Buchman, Attila",2015,2437/220580,https://dea.lib.unideb.hu/handle/2437/220580
Otthoni intelligens LED világítás távoli szabályozása mikrokontroller és mobil applikáció segítségével,"Poroszka, János","Buchman, Attila",2017,2437/246265,https://dea.lib.unideb.hu/handle/2437/246265
Okos Otthon modellezése Arduino kártya és mobilalkalmazás segítségével,"Csuzi, Csongor József","Buchmann, Attila",2024,2437/365908,https://dea.lib.unideb.hu/handle/2437/365908
Mikrotanulást támogató applikáció digitális marketing kampányának kidolgozása,"Lippei, László Dániel","Bujdosó, Gyöngyi",2026,2437/404369,https://dea.lib.unideb.hu/handle/2437/404369
Mobil weboldalak fejlesztése,"Maier, Erik","Bujdosó, Gyöngyi",2012-12-06T10:24:27Z,2437/153826,https://dea.lib.unideb.hu/handle/2437/153826
Alkalmazásfejlesztés nyílt forráskódú mobil operációsrendszerre,"Zelei, Attila","Bátfai, Norbert",2011-05-09T07:28:50Z,2437/106005,https://dea.lib.unideb.hu/handle/2437/106005
Android alkalmazásfejlesztés,"Boros, Norbert","Bátfai, Norbert",2015,2437/212538,https://dea.lib.unideb.hu/handle/2437/212538
Hálózati alkalmazás fejlesztése Motorola Accompli A008 Javaképes mobiltelefonra,"Fekete, Dániel","Bátfai, Norbert",2007-02-20T09:34:47Z,2437/1172,https://dea.lib.unideb.hu/handle/2437/1172
Háromrétegű webes alkalmazás fejlesztése,"Kapta, Krisztián","Bátfai, Norbert",2007-01-30T14:41:19Z,2437/855,https://dea.lib.unideb.hu/handle/2437/855
J2ME MIDP alkalmazás fejlesztése,"Varga, Dénes","Bátfai, Norbert",2007-03-21T16:20:10Z,2437/1369,https://dea.lib.unideb.hu/handle/2437/1369
J2ME MIDP alkalmazás fejlesztése,"Karády, Péter","Bátfai, Norbert",2007-01-30T15:44:01Z,2437/858,https://dea.lib.unideb.hu/handle/2437/858
mBusines alkalmazás fejlesztése JAVA2 Micro Edition platform segítségével,"Arnódi, Róbert","Bátfai, Norbert",2007-02-15T15:50:19Z,2437/1136,https://dea.lib.unideb.hu/handle/2437/1136
Mobil alkalmazás fejlesztése,"Olajos, Mihály","Bátfai, Norbert",2009-05-13T08:04:34Z,2437/85659,https://dea.lib.unideb.hu/handle/2437/85659
Mobil alkalmazás fejlesztése Java-ban,"Király, Edit","Bátfai, Norbert",2008-05-05T09:43:56Z,2437/4711,https://dea.lib.unideb.hu/handle/2437/4711
Mobil alkalmazásfejlesztő platformok összehasonlítása,"Zelenák, Zoltán","Bátfai, Norbert",2010-05-14T09:58:47Z,2437/96349,https://dea.lib.unideb.hu/handle/2437/96349
Mobil alkalmazásfejlesztő platformok összehasonlítása,"Györfi, Zsófia","Bátfai, Norbert",2013-12-04T10:18:02Z,2437/177370,https://dea.lib.unideb.hu/handle/2437/177370
Navigációs alkalmazás fejlesztése Androidos eszközre,"Tari, István","Bátfai, Norbert",2012-05-16T13:38:11Z,2437/129043,https://dea.lib.unideb.hu/handle/2437/129043
Szabadon választható J2ME/MIDP alkalmazás fejlesztése Motorola A008 telefonra,"Pálosi, József","Bátfai, Norbert",2007-03-21T16:40:03Z,2437/1371,https://dea.lib.unideb.hu/handle/2437/1371
Szabadon választott alkalmazás készítése PALM-ra,"Veres, Péter","Bátfai, Norbert",2006-06-08T15:47:41Z,2437/73,https://dea.lib.unideb.hu/handle/2437/73
Szabadon választott CORBA alapú alkalmazás fejlesztése Java környezetben,"Tóth, Attila Zoltán","Bátfai, Norbert",2007-02-01T15:02:46Z,2437/915,https://dea.lib.unideb.hu/handle/2437/915
Szabadon választott hálózati J2ME/MIDP alkalmazás fejlesztése,"Novák, György","Bátfai, Norbert",2007-01-31T15:51:21Z,2437/888,https://dea.lib.unideb.hu/handle/2437/888
Szabadon választott J2ME/MIDP alkalmazás fejlesztése,"Pári, Csaba","Bátfai, Norbert",2006-06-14T12:23:44Z,2437/107,https://dea.lib.unideb.hu/handle/2437/107
Szabadon választott WAP-os alkalmazás fejlesztése,"Ujfalusi, Sándor","Bátfai, Norbert",2006-07-21T07:29:33Z,2437/212,https://dea.lib.unideb.hu/handle/2437/212
Alkalmazásfejlesztés Android platformra,"Kovács, Szilárd","Bátfai, Norbert; Szabó, Ákos",2011-05-03T09:34:38Z,2437/105627,https://dea.lib.unideb.hu/handle/2437/105627
3Ds tünetellenőrző alkalmazás Android platformra,"Ecsedi, László","Bérczes, Tamás",2014,2437/202863,https://dea.lib.unideb.hu/handle/2437/202863
Android alkalmazás fejlesztés,"Hermann, Ákos","Bérczes, Tamás",2019,2437/277207,https://dea.lib.unideb.hu/handle/2437/277207
Android alkalmazás fejlesztése,"Nagy, Attila","Bérczes, Tamás",2021,2437/306331,https://dea.lib.unideb.hu/handle/2437/306331
Android alkalmazásfejlesztés,"Balogh, Péter","Bérczes, Tamás",2015,2437/219973,https://dea.lib.unideb.hu/handle/2437/219973
Android alkalmazások fejlesztése ToDoList,"Dukrét-Seres, Norbert","Bérczes, Tamás",2017,2437/240343,https://dea.lib.unideb.hu/handle/2437/240343
Androidos alkalmazás fejlesztése,"Mező, András","Bérczes, Tamás",2012-04-27T09:41:25Z,2437/128188,https://dea.lib.unideb.hu/handle/2437/128188
Androidos alkalmazás fejlesztése,"Puha, Tamás","Bérczes, Tamás",2013-05-16T12:06:30Z,2437/168373,https://dea.lib.unideb.hu/handle/2437/168373
Androidos alkalmazás fejlesztése,"Szabados, Benjamin","Bérczes, Tamás",2014-05-07T08:36:15Z,2437/191518,https://dea.lib.unideb.hu/handle/2437/191518
Androidos alkalmazásfejlesztés React Native-vel: Receptúra applikáció,"Rogoz, György","Bérczes, Tamás",2020,2437/286684,https://dea.lib.unideb.hu/handle/2437/286684
Cross-platform alkalmazás fejlesztése felhő alapú szolgáltatások kiterjesztésével,"Pósán, Norbert","Bérczes, Tamás",2017,2437/240176,https://dea.lib.unideb.hu/handle/2437/240176
Elektromos jármű irányítása Android alkalmazás segítségével,"Kiss, Szabolcs","Bérczes, Tamás",2022,2437/340902,https://dea.lib.unideb.hu/handle/2437/340902
Hibrid üzleti alkalmazás fejlesztése C# Blazor környezetben,"Szabó, Kristóf","Bérczes, Tamás",2022,2437/332172,https://dea.lib.unideb.hu/handle/2437/332172
Java alkalmazás fejlesztés banki környezetben,"Nyizsnyik, Norbert","Bérczes, Tamás",2020,2437/298718,https://dea.lib.unideb.hu/handle/2437/298718
Játékprogram fejlesztése android rendszerekre,"Papp, Gábor","Bérczes, Tamás",2020,2437/298611,https://dea.lib.unideb.hu/handle/2437/298611
Lokáció alapú szociális média mobil alkalmazások,"Hajdu, Benedek","Bérczes, Tamás",2022,2437/332302,https://dea.lib.unideb.hu/handle/2437/332302
Mozijegy foglaló alkalmazás fejlesztése,"Szemán, Dávid","Bérczes, Tamás",2021,2437/325638,https://dea.lib.unideb.hu/handle/2437/325638
Platformfüggetlen alkalmazás fejlesztés Blazor környezetben,"Kálmánchey, Nándor","Bérczes, Tamás",2022,2437/340926,https://dea.lib.unideb.hu/handle/2437/340926
Raktári alkalmazás,"Gere, Gábor","Bérczes, Tamás",2022,2437/341395,https://dea.lib.unideb.hu/handle/2437/341395
Raktárkezelő és eszközigénylő web alkalmazás implementálása a LEGO Manufacturing Kft-nél,"Korpai, Bálint","Bérczes, Tamás",2016,2437/227431,https://dea.lib.unideb.hu/handle/2437/227431
Többcsatornás videó kezelő alkalmazás,"Berki, Dániel","Bérczes, Tamás",2013-06-07T06:50:27Z,2437/170458,https://dea.lib.unideb.hu/handle/2437/170458
Webes hibabejelentő alkalmazás nagyvállalati felhasználásra,"Szilágyi, Zoltán","Bérczes, Tamás",2022,2437/331619,https://dea.lib.unideb.hu/handle/2437/331619
Útvonalinformációs rendszer mobil alkalmazással,"Illyés, Béla","Bérczes, Tamás",2015,2437/213169,https://dea.lib.unideb.hu/handle/2437/213169
Angular alapú online időkövető alkalmazás,"Kovács, Kristóf Gábor","Bérczes, Tamás Márton",2025,2437/394820,https://dea.lib.unideb.hu/handle/2437/394820
Blazor Web alkalmazás adminisztrációs felület,"Czégény, Patrik","Bérczes, Tamás Márton",2025,2437/394819,https://dea.lib.unideb.hu/handle/2437/394819
Képfeldolgozáson alapuló darts pontszámító alkalmazás fejlesztése,"Jonathan, Jonathan","Bódis-Szomorú, András; Szeghalmy, Szilvia",2019,2437/277223,https://dea.lib.unideb.hu/handle/2437/277223
Tetszőlegesen választott alkalmazás fejlesztése Delphiben,"Donkó, Gábor","Bölcskei, András",2007-03-19T10:29:09Z,2437/1318,https://dea.lib.unideb.hu/handle/2437/1318
A játékdizájn és játékmenet különbségei mobil és számítógépes játékok esetén,"Bagoly, Luca Enikő","Erős, Bence Dániel",2025,2437/394768,https://dea.lib.unideb.hu/handle/2437/394768
Raktárhasználatot segítő adatkezelő és vizualizációs alkalmazás fejlesztése,"Kertész, Ádám Csaba","Erős, Bence Dániel",2026,2437/404437,https://dea.lib.unideb.hu/handle/2437/404437
Java alkalmazás átalakítása webalkalmazássá,"Tóth, Ákos","Espák, Miklós",2009-05-08T07:32:04Z,2437/85455,https://dea.lib.unideb.hu/handle/2437/85455
Mobil banki alkalmazás Android platformon,"Száldobágyi, Lóránd","Fazekas, Gábor",2009-01-08T10:37:51Z,2437/78053,https://dea.lib.unideb.hu/handle/2437/78053
Mobil fejlesztés .NET környezetben,"Maksa, Tamás","Fazekas, Gábor",2009-05-08T07:38:25Z,2437/85457,https://dea.lib.unideb.hu/handle/2437/85457
Mobiltelefon programozás és mobil adatbázis-kezelés,"Toldi, Gábor","Fazekas, Gábor",2008-12-02T09:58:57Z,2437/37893,https://dea.lib.unideb.hu/handle/2437/37893
SOFTWARE ENGINEERING PRACTICES ON MOBILE APPLICATIONS,"Őztan, Mustafa","Fazekas, Gábor",2016,2437/226156,https://dea.lib.unideb.hu/handle/2437/226156
WAP alapú alkalmazás fejlesztés,"Szegedi, Zoltán","Fazekas, Gábor",2007-03-19T09:13:47Z,2437/1310,https://dea.lib.unideb.hu/handle/2437/1310
Web-szerver és mobil-kliens alkalmazások fejlesztése,"Budai, Attila; Csubák, Péter","Fazekas, Gábor",2009-12-08T07:57:53Z,2437/90751,https://dea.lib.unideb.hu/handle/2437/90751
"Játékfejlesztés HTML 5 és JAVASCRIPT technológiákkal multiplatformra (mobil, desktop)","Pajger, Lajos","Fazekas, Gábor; Bettenbuk, Zoltán",2020,2437/286911,https://dea.lib.unideb.hu/handle/2437/286911
Android alapú alkalmazásfejlesztés,"Jónizs, Krisztián","Gilányi, Attila",2015,2437/219955,https://dea.lib.unideb.hu/handle/2437/219955
Android az oktatásban,"Szabados, Anikó","Gilányi, Attila",2013-05-14T10:09:18Z,2437/168196,https://dea.lib.unideb.hu/handle/2437/168196
Az Android operációs rendszer,"Rubóczki, Máté","Gilányi, Attila",2015,2437/211929,https://dea.lib.unideb.hu/handle/2437/211929
Android applikáció fejlesztése hisztaminintoleranciával küzdők számára,"Kerekes, Adrienn","Godó, Zoltán Attila",2024,2437/374561,https://dea.lib.unideb.hu/handle/2437/374561
Bluetooth alapú telefonos irányítási rendszer fejlesztése React Native alkalmazás segítségével,"Orosz, Regina","Godó, Zoltán Attila",2025,2437/394738,https://dea.lib.unideb.hu/handle/2437/394738
Közösségi várakozási-idő információs alkalmazás,"Lácza, Roland","Godó, Zoltán Attila",2020,2437/286359,https://dea.lib.unideb.hu/handle/2437/286359
Felhő alapú mobil alkalmazás fejlesztése,"Soós, Béla","Gál, Zoltán",2015,2437/214204,https://dea.lib.unideb.hu/handle/2437/214204
IoT virtualizációs technikák Mininet környezetben,"Derekas, Bence","Gál, Zoltán",2022,2437/341250,https://dea.lib.unideb.hu/handle/2437/341250
Bőrpigmentációk elváltozását követő alkalmazás fejlesztése iOS operációs rendszerre,"Monori, Fanny","Hajdu, András",2016,2437/232909,https://dea.lib.unideb.hu/handle/2437/232909
Egy konkrét biobank alkalmazás megvalósítása Java technológiával,"Nagy, István Zoltán","Hajdu, András",2011-04-28T08:59:30Z,2437/105218,https://dea.lib.unideb.hu/handle/2437/105218
Sport statisztikai alkalmazás fejlesztése Android platformon,"Kandala, Tamás","Hajdú, András",2014-05-06T07:50:13Z,2437/191359,https://dea.lib.unideb.hu/handle/2437/191359
Kézmozgás követésén alapuló alkalmazás fejlesztése,"Jászfalvi, Tamás Norbert","Harangi, Balázs",2016,2437/232511,https://dea.lib.unideb.hu/handle/2437/232511
MOBIL ALAPÚ ORVOSI KÉPFELDOLGOZÓ ALKALMAZÁSOK FEJLESZTÉSE,"Török, Bálint","Harangi, Balázs",2018,2437/259234,https://dea.lib.unideb.hu/handle/2437/259234
Mobil alapú orvosi képfeldolgozó alkalmazások fejlesztése,"Fedor, Gyula","Harangi, Balázs",2017,2437/245965,https://dea.lib.unideb.hu/handle/2437/245965
Python alkalmazás nagy nyelvi modellek mérésére és összehasonlítására,"Guti, Szilárd","Harangi, Balázs; London, András",2025,2437/394790,https://dea.lib.unideb.hu/handle/2437/394790
IoT (Internet of Things) eszközöket kezelő alkalmazás fejlesztése,"Dimand, Márton","Herendi, Tamás",2024,2437/374595,https://dea.lib.unideb.hu/handle/2437/374595
Térbeli vizualizációt segítő iOS applikáció,"Kovács, Attila Patrik","Hoffmann, Miklós",2026,2437/413445,https://dea.lib.unideb.hu/handle/2437/413445
Egy kölcsönző alkalmazás PHP és MySQL eszközökkel,"Koncz, Sándor","Horváth, Géza",2011-11-24T10:45:33Z,2437/119145,https://dea.lib.unideb.hu/handle/2437/119145
Játékfejlesztés és NPC vezérlés mobil eszközökre,"Dán, Attila","Horváth, Géza",2018,2437/252054,https://dea.lib.unideb.hu/handle/2437/252054
Többrétegű alkalmazás frissítési automatizálása ipari környezetben,"Molnár, Nikolett","Ispány, Márton; Drágossy, Richárd",2023,2437/350241,https://dea.lib.unideb.hu/handle/2437/350241
Adatbázis-alapú Java alkalmazás fejlesztése modern SQL generáló eszközökkel,"Hromják, Róbert","Jeszenszky, Péter",2026,2437/413290,https://dea.lib.unideb.hu/handle/2437/413290
AI Chatbot Alkalmazás Interaktív Felhasználói Felületének Kialakítása Next.js és React Használatával,"Farkas, Zoltán","Jeszenszky, Péter",2026,2437/413295,https://dea.lib.unideb.hu/handle/2437/413295
Home office támogató alkalmazás fejlesztése Javascript alapokon,"Rogoz, György","Jeszenszky, Péter",2022,2437/331729,https://dea.lib.unideb.hu/handle/2437/331729
Kalóriaszámláló webes alkalmazás fejlesztése,"Szabó, Bence","Jeszenszky, Péter",2022,2437/330554,https://dea.lib.unideb.hu/handle/2437/330554
Koktélkészítést segítő alkalmazás,"Molnár, Ferenc","Jeszenszky, Péter",2026,2437/413292,https://dea.lib.unideb.hu/handle/2437/413292
LEGO készlet nyilvántartó webes alkalmazás fejlesztése,"Margitai, Balázs","Jeszenszky, Péter",2025,2437/394955,https://dea.lib.unideb.hu/handle/2437/394955
StudyHelper webes alkalmazás,"Szabó, Dávid","Jeszenszky, Péter",2025,2437/394958,https://dea.lib.unideb.hu/handle/2437/394958
Teljesítménytúra lebonyolítást támogató  mobilalkalmazás fejlesztése,"Oláh, Beatrix","Jeszenszky, Péter",2024,2437/365928,https://dea.lib.unideb.hu/handle/2437/365928
Teljesítménytúra szervezést támogató alkalmazás fejlesztése,"Pazonyi, Panna Krisztina","Jeszenszky, Péter",2025,2437/394953,https://dea.lib.unideb.hu/handle/2437/394953
Tudásmegosztó közösségi webes alkalmazás fejlesztése,"Nagy, Bence","Jeszenszky, Péter",2025,2437/394956,https://dea.lib.unideb.hu/handle/2437/394956
Webes alkalmazás elektronikai alkatrészek nyilvántartásához,"Nyíri, Sándor Dániel","Jeszenszky, Péter",2025,2437/394954,https://dea.lib.unideb.hu/handle/2437/394954
Webes alkalmazás fejlesztése Spring és JSF alapokon,"Szabó, Tamás","Jeszenszky, Péter",2015,2437/211847,https://dea.lib.unideb.hu/handle/2437/211847
Élelmiszer tároló és nyilvántartó webes alkalmazás,"Parti, Dávid","Jeszenszky, Péter",2026,2437/404549,https://dea.lib.unideb.hu/handle/2437/404549
Étrend összeállító webes alkalmazás különleges étkezési igények figyelembevételével,"Szabó, Balázs","Jeszenszky, Péter",2026,2437/413297,https://dea.lib.unideb.hu/handle/2437/413297
Fejlesztés Google App Engine környezetben,"Szauervein, Szabolcs","Juhász, István",2011-05-17T08:47:35Z,2437/108405,https://dea.lib.unideb.hu/handle/2437/108405
Háziorvosi alkalmazás fejlesztése,"Kovács, Balázs","Juhász, István",2010-05-03T08:27:54Z,2437/95239,https://dea.lib.unideb.hu/handle/2437/95239
Mobil adatbázisok,"Gunda, Lénárd","Juhász, István",2006-06-29T09:30:17Z,2437/155,https://dea.lib.unideb.hu/handle/2437/155
Mobil webalkalmazás fejlesztés,"Máté, Balázs","Juhász, István",2011-05-03T08:50:35Z,2437/105619,https://dea.lib.unideb.hu/handle/2437/105619
Webes alkalmazás fejlesztése Visual Studio.net alatt,"Vinnai, Péter","Juhász, István",2006-08-03T14:27:14Z,2437/359,https://dea.lib.unideb.hu/handle/2437/359
Aktivitást követő fitnesz alkalmazás tervezése,"Mézes, Csaba Bence","Kapusi, Tibor Péter",2026,2437/404501,https://dea.lib.unideb.hu/handle/2437/404501
Omniverse-alapú alkalmazás fejlesztése anomáliák szimulálására mélytanuló algoritmusok működésének vizsgálatához,"Iklódi, Nóra","Kapusi, Tibor Péter",2026,2437/413301,https://dea.lib.unideb.hu/handle/2437/413301
Rendszerfrissítő alkalmazás fejlesztése és tervezése TPM modul alkalmazásával,"Fekete, Rudolf Dominik","Kapusi, Tibor Péter",2026,2437/404499,https://dea.lib.unideb.hu/handle/2437/404499
Szenzoralapú adatgyűjtő alkalmazás webes megjelenítő felülettel,"Kerecsen, Gergő András","Kapusi, Tibor Péter",2025,2437/395086,https://dea.lib.unideb.hu/handle/2437/395086
Verseny a mobil operációs rendszerek piacán,"Lipusz, Tibor","Kiss, Marietta",2012-01-16T12:39:51Z,2437/120875,https://dea.lib.unideb.hu/handle/2437/120875
Android alkalmazásfejlesztés,"Gyuricza, Ádám","Kocsis, Gergely",2021,2437/306810,https://dea.lib.unideb.hu/handle/2437/306810
Android alkalmazással vezérelt Raspberry Pi alapú madármegfigyelő állomás,"Zöld, Róbert","Kocsis, Gergely",2021,2437/324133,https://dea.lib.unideb.hu/handle/2437/324133
Android okosóra és okostelefon bluetooth feletti kommunikációja,"Erős, Gergő","Kocsis, Gergely",2021,2437/324186,https://dea.lib.unideb.hu/handle/2437/324186
Behatolásjelző rendszer Android alkalmazás és külső hardver segítségével,"Tóth, Gergő","Kocsis, Gergely",2026,2437/404481,https://dea.lib.unideb.hu/handle/2437/404481
Borminőség ellenőrzésére szolgáló mobil-támogatott eszköz fejlesztésére kistermelői borászatoknak,"Csatári, József","Kocsis, Gergely",2022,2437/331085,https://dea.lib.unideb.hu/handle/2437/331085
Fitnesz applikáció fejlesztése Android környezetben,"Tóth, Rozália","Kocsis, Gergely",2021,2437/325973,https://dea.lib.unideb.hu/handle/2437/325973
Gyep ápolást segítő mobilalkalmazás,"Gazdik, Máté","Kocsis, Gergely",2023,2437/350161,https://dea.lib.unideb.hu/handle/2437/350161
Intelligens Csibekeltető: Raspberry Pi és Android Integráció,"Márton, Áron","Kocsis, Gergely",2026,2437/413341,https://dea.lib.unideb.hu/handle/2437/413341
Java EE alkalmazás fejlesztés,"Kiss, Dávid","Kocsis, Gergely",2019,2437/277068,https://dea.lib.unideb.hu/handle/2437/277068
Jelenlét Nyilvántartó Applikáció,"Vajas, Máté","Kocsis, Gergely",2025,2437/387468,https://dea.lib.unideb.hu/handle/2437/387468
Launchpad megvalósítása Raspberry Pi-n Android klienssel,"Ignéczi, Márk","Kocsis, Gergely",2022,2437/339836,https://dea.lib.unideb.hu/handle/2437/339836
Mobil alkalmazás fejlesztés Android platformra,"Nemes, Dániel Zsolt","Kocsis, Gergely",2022,2437/341621,https://dea.lib.unideb.hu/handle/2437/341621
Mobil vezérlésű mátrixkijelzős információs állomás fejlesztése,"Kiss, Roland Balázs","Kocsis, Gergely",2024,2437/374601,https://dea.lib.unideb.hu/handle/2437/374601
Multimodális okos zárvezérlés: Android alapú rendszer Raspberry Pi platformon,"Máté, István Dávid","Kocsis, Gergely",2026,2437/413339,https://dea.lib.unideb.hu/handle/2437/413339
Médiaszerver alkalmazás készítése Android alapokon,"Vass, Ferenc","Kocsis, Gergely",2024,2437/365946,https://dea.lib.unideb.hu/handle/2437/365946
Natív mobil alkalmazás és webview mobil alkalmazás közötti különbségek,"Kiss, Dániel Erik","Kocsis, Gergely",2025,2437/395088,https://dea.lib.unideb.hu/handle/2437/395088
Okos terrárium megvalósítása Raspberry Pi és Android segítségével,"Rácz, Nándor","Kocsis, Gergely",2024,2437/365935,https://dea.lib.unideb.hu/handle/2437/365935
QR-kód alapú beléptető rendszer Android alkalmazás,"Kis, Norbert Gábor","Kocsis, Gergely",2023,2437/350122,https://dea.lib.unideb.hu/handle/2437/350122
SeedLink - Vetésellenőrző rendszer-Android alkalmazás külső hardver segítségével,"Pósán, Nándor János","Kocsis, Gergely",2026,2437/404482,https://dea.lib.unideb.hu/handle/2437/404482
Távirányítható autó és android vezérlőszoftver,"Makár, Péter Ákos","Kocsis, Gergely",2022,2437/330899,https://dea.lib.unideb.hu/handle/2437/330899
Érintés nélküli interakció: Kézmozdulatok Detektálása és Intuitív Irányítás Android Alkalmazásban,"Csengeri, Ákos Botond","Kocsis, Gergely",2025,2437/387469,https://dea.lib.unideb.hu/handle/2437/387469
Adatbázis felhasználók karbantartását segítő alkalmazás fejlesztése Java és PL/SQL nyelven,"Nagy, Péter","Kollár, Lajos",2014-05-21T06:40:24Z,2437/192820,https://dea.lib.unideb.hu/handle/2437/192820
Adatmentést megvalósító alkalmazás fejlesztése,"Gaál, Gedeon","Kollár, Lajos",2015,2437/211736,https://dea.lib.unideb.hu/handle/2437/211736
Alkalmazás fejlesztés Oracle Apex-ben,"Varga, Rózsa","Kollár, Lajos",2012-01-09T08:51:17Z,2437/120491,https://dea.lib.unideb.hu/handle/2437/120491
Dokumentum-nyilvántartó alkalmazás fejlesztése,"Stefánszki, Róbert","Kollár, Lajos",2012-05-10T08:55:05Z,2437/128805,https://dea.lib.unideb.hu/handle/2437/128805
Kliens fejlesztése issue-követő rendszerhez Android platformon,"Szabó, Attila","Kollár, Lajos",2013-05-06T07:22:11Z,2437/166894,https://dea.lib.unideb.hu/handle/2437/166894
Könyvtári alkalmazás fejlesztése PHP nyelven,"Soltész, Ádám","Kollár, Lajos",2011-05-02T07:49:56Z,2437/105534,https://dea.lib.unideb.hu/handle/2437/105534
Smartcampus alkalmazásfejlesztés Android platformra,"Somodi, Krisztián","Kollár, Lajos",2014,2437/201877,https://dea.lib.unideb.hu/handle/2437/201877
Webszolgáltatás alapú hőmérsékletlekérdező alkalmazás,"Száldobágyi, Lóránd Lajos","Kollár, Lajos",2007-01-29T14:00:46Z,2437/832,https://dea.lib.unideb.hu/handle/2437/832
"A telekommunikációs szektor hazánkban, a mobil távközlés szempontjából","Koczák, Tamás","Kovács, István",2011-12-01T09:20:29Z,2437/119454,https://dea.lib.unideb.hu/handle/2437/119454
Android alkalmazás fejlesztése a DEIK Informatikai Szakmai Napok Konferenciára,"Bíró, Noémi","Kovács, László",2018,2437/251865,https://dea.lib.unideb.hu/handle/2437/251865
Mobilalkalmazás fejlesztése a DEIK Szakmai Napok konferenciájára,"Kovács, Ádám Ernő","Kovács, László",2019,2437/266206,https://dea.lib.unideb.hu/handle/2437/266206
Webes alkalmazás fejlesztése DEIK Informatikai Szakmai Napokra,"Ölveti, József","Kovács, László",2018,2437/261426,https://dea.lib.unideb.hu/handle/2437/261426
Biztonságos adatkezelést megvalósító androidos alkalmazás,"Benőcs, Péter","Kovács, Zita",2016,2437/226725,https://dea.lib.unideb.hu/handle/2437/226725
Konténer alapú webes alkalmazás automatizált telepítése microservice architektúrára vállalati környezetben,"Pokol, Péter","Kovács, Zita",2020,2437/286279,https://dea.lib.unideb.hu/handle/2437/286279
Kriptográfiai alkalmazás fejlesztése/vizsgálata,"Tóth, Attila","Kovács, Zita",2021,2437/325661,https://dea.lib.unideb.hu/handle/2437/325661
Operációs rendszerek mobil eszközökre,"Korbács, Máté","Krausz, Tamás",2015,2437/211921,https://dea.lib.unideb.hu/handle/2437/211921
Híralapú szemantikai elemző applikáció fejlesztése az iparági kereslet-kínálat előrejelzésére,"Kreith, Zsolt Béla","Kreith, Balázs Edvárd; Kapusi, Tibor Péter",2026,2437/413303,https://dea.lib.unideb.hu/handle/2437/413303
Automatizált szoftvertesztelést vezérlő webes alkalmazás devops környezetben,"Birkas, Gergö","Kuki, Attila",2022,2437/331866,https://dea.lib.unideb.hu/handle/2437/331866
Edzésterv készítő webes alkalmazás fejlesztése,"Nemes, Kristóf","Kuki, Attila",2022,2437/331898,https://dea.lib.unideb.hu/handle/2437/331898
Egyszerű webes alkalmazás készítése Yii Framework segítségével,"Kurucz, Krisztián","Kuki, Attila",2014-01-16T10:54:51Z,2437/178646,https://dea.lib.unideb.hu/handle/2437/178646
Fit Mate - Androidos kliens-szerver architektúrájú alkalmazás,"Gyimesi, Zoltán","Kuki, Attila",2025,2437/394986,https://dea.lib.unideb.hu/handle/2437/394986
Kliens-szerver architektúrájú alkalmazás fejlesztése,"Zabolai, Attila","Kuki, Attila",2017,2437/239519,https://dea.lib.unideb.hu/handle/2437/239519
Kliens-szerver architektúrájú webes alkalmazás fejlesztés,"Badics, Bence","Kuki, Attila",2020,2437/298158,https://dea.lib.unideb.hu/handle/2437/298158
"Képfeldolgozó, képszerkesztő alkalmazás","Nagy, Gergely","Kuki, Attila",2025,2437/394989,https://dea.lib.unideb.hu/handle/2437/394989
Könyvtárkezelő alkalmazás fejlesztés,"Pál, Márk János","Kuki, Attila",2021,2437/324718,https://dea.lib.unideb.hu/handle/2437/324718
Középiskolai matematikai tudást felmérő alkalmazás fejlesztése,"Fekete, Máté","Kuki, Attila",2021,2437/324755,https://dea.lib.unideb.hu/handle/2437/324755
Matematikai és logikai feladatok megértését segítő webes alkalmazás,"Csomor, Benő","Kuki, Attila",2026,2437/404505,https://dea.lib.unideb.hu/handle/2437/404505
Megrendelés és adatkezelő webes alkalmazás fejlesztése egy kisvállalat számára,"Borbély, Bence","Kuki, Attila",2014,2437/201407,https://dea.lib.unideb.hu/handle/2437/201407
Multiplatform chat alkalmazás fejlesztés,"Badics, Bence","Kuki, Attila",2024,2437/365970,https://dea.lib.unideb.hu/handle/2437/365970
Munkafolyamat-kezelő alkalmazás VUE és Node alapokon,"Koszta, Benjámin","Kuki, Attila",2023,2437/350020,https://dea.lib.unideb.hu/handle/2437/350020
Munkaidő követő Java alkalmazás fejlesztése Spring felhasználásával,"Kapczár, János","Kuki, Attila",2020,2437/286059,https://dea.lib.unideb.hu/handle/2437/286059
Napelemes rendszer kivitelezést támogató android alkalmazás,"Molnár, Péter","Kuki, Attila",2018,2437/250643,https://dea.lib.unideb.hu/handle/2437/250643
Online ételrendeléssel foglakozó webes alkalmazás tervezése,"Szivák, Tamás","Kuki, Attila",2014,2437/201205,https://dea.lib.unideb.hu/handle/2437/201205
Pénzügyi költségkövető alkalmazás fejlesztése,"Németi, Gábor","Kuki, Attila",2026,2437/404504,https://dea.lib.unideb.hu/handle/2437/404504
Számlázás- és fogyasztáskövető alkalmazás a vendéglátásban,"Csicsák, Izsák Salamon","Kuki, Attila",2024,2437/374433,https://dea.lib.unideb.hu/handle/2437/374433
Tartalomértékelés interaktív platformon: Értékelő alkalmazás fejlesztése módszertani megközelítéssel,"Szilágyi, János","Kuki, Attila",2026,2437/404502,https://dea.lib.unideb.hu/handle/2437/404502
WEB-es adatbáziskezelő-alkalmazás készítése PHP használatával,"Bodzás, Gabriella","Kuki, Attila",2007-03-13T18:15:31Z,2437/1301,https://dea.lib.unideb.hu/handle/2437/1301
Webes alkalmazás fejlesztés: egy banki ügyfélkapcsolat támogató rendszer,"Szentesi, Viktor","Kuki, Attila",2007-11-30T10:22:03Z,2437/3114,https://dea.lib.unideb.hu/handle/2437/3114
Webes alkalmazás online marketing-hez,"Balogh, Ervin","Kuki, Attila",2011-09-01T08:30:09Z,2437/110811,https://dea.lib.unideb.hu/handle/2437/110811
Webes alkalmazás szolgáltatást nyújtó szakembernek,"Huri, Patrik","Kuki, Attila",2022,2437/331779,https://dea.lib.unideb.hu/handle/2437/331779
Webes projektmenedzselő alkalmazás fejlesztése,"Podlovics, Tibor","Kuki, Attila",2010-06-04T08:47:33Z,2437/97117,https://dea.lib.unideb.hu/handle/2437/97117
Webes SCRUM alkalmazás,"Tar, Balázs","Kuki, Attila",2011-11-18T08:31:01Z,2437/118674,https://dea.lib.unideb.hu/handle/2437/118674
Webes üzenetküldő alkalmazás,"Nagy, Ádám Imre","Kuki, Attila",2019,2437/266451,https://dea.lib.unideb.hu/handle/2437/266451
Webes-alkalmazás fejlesztése szabadon választott témában,"Rigó, Balázs","Kuki, Attila",2012-05-09T10:20:38Z,2437/128745,https://dea.lib.unideb.hu/handle/2437/128745
Webraktar - raktárkezelést és értékesítést támogató webes alkalmazás,"Hoffmann, Antal","Kuki, Attila",2010-05-04T08:05:58Z,2437/95377,https://dea.lib.unideb.hu/handle/2437/95377
Webshop alkalmazás létrehozása WAMP környezetben,"Sárközi, Zoltán","Kuki, Attila",2011-04-28T09:17:29Z,2437/105227,https://dea.lib.unideb.hu/handle/2437/105227
Android alkalmazás fejlesztése MPEG-4 szabvány alapján vezérelhető beszélő fejmodellel történő interaktív kommunikációhoz,"Ozsváth, Jonathán","Kunkli, Roland",2017,2437/240212,https://dea.lib.unideb.hu/handle/2437/240212
Kalória- és tápanyagbevitelt rögzítő alkalmazás fejlesztése Android platformon,"Bedő, Vince Norbert","Kunkli, Roland",2018,2437/250634,https://dea.lib.unideb.hu/handle/2437/250634
MPEG-4 szabvány szerint vezérelhető interaktív fejmodell továbbfejlesztése Android platformon,"Erős, Bence Dániel","Kunkli, Roland",2018,2437/250265,https://dea.lib.unideb.hu/handle/2437/250265
MPEG-4 szabványnak megfelelő fejmodell interaktív megjelenítése Android platformon,"Török, Tibor","Kunkli, Roland",2015,2437/213243,https://dea.lib.unideb.hu/handle/2437/213243
Processing alkalmazás fejlesztése centrálaxonometrikus kép centrális projekcióvá alakításához,"Kelemen, Anna","Kunkli, Roland",2016,2437/233147,https://dea.lib.unideb.hu/handle/2437/233147
Házipénztár tervező alkalmazás fejlesztése mesterséges intelligencia használatával,"Pregh, András","Kádek, Tamás",2019,2437/277209,https://dea.lib.unideb.hu/handle/2437/277209
Rendezvényszervezési feladatokat támogató intelligens alkalmazás,"Szászi, Zoltán","Kádek, Tamás",2018,2437/261401,https://dea.lib.unideb.hu/handle/2437/261401
Reversi játék és lépésajánló algoritmus implementálása Android rendszerre,"Balogh, István","Kádek, Tamás",2015,2437/211957,https://dea.lib.unideb.hu/handle/2437/211957
.NET alapú határidő figyelő alkalmazás fejlesztése,"Mihucza, Bence","Kósa, Márk",2014-01-15T11:02:30Z,2437/178563,https://dea.lib.unideb.hu/handle/2437/178563
A tanulmányi előrehaladás játékosítása Android platformon,"Kiss, Benjámin","Kósa, Márk",2019,2437/277237,https://dea.lib.unideb.hu/handle/2437/277237
Adatbázis tervezése és webes alkalmazás fejlesztése építőipai projektek karbantartásához,"Fehérvári, Zsolt","Kósa, Márk",2013-05-02T07:40:50Z,2437/166417,https://dea.lib.unideb.hu/handle/2437/166417
Alkalmazásfejlesztés Android platformra,"Kathi, Zsigmond","Kósa, Márk",2018,2437/259397,https://dea.lib.unideb.hu/handle/2437/259397
Hálózati alkalmazás fejlesztése kétszemélyes játékok kiszolgálására,"Lucski, Zsolt","Kósa, Márk",2014,2437/202020,https://dea.lib.unideb.hu/handle/2437/202020
Mobil alkalmazás fejlesztés,"Czirják, Tibor","Kósa, Márk",2019,2437/267328,https://dea.lib.unideb.hu/handle/2437/267328
Stratégiai játék fejlesztése Android rendszeren,"Kiss, Dávid István","Kósa, Márk",2012-05-08T09:38:11Z,2437/128625,https://dea.lib.unideb.hu/handle/2437/128625
Árfolyamelemző alkalmazás fejlesztése ADO.NET Entity Framework eszközökkel,"Szalkai, László","Kósa, Márk",2013-05-03T06:30:49Z,2437/166623,https://dea.lib.unideb.hu/handle/2437/166623
A WATS alkalmazás fejlesztése,"Kozma, Zoltán","Kósa, Márk Szabolcs",2010-05-31T14:00:23Z,2437/97010,https://dea.lib.unideb.hu/handle/2437/97010
Alkalmazás fejlesztés JAVA technológiával,"Pánisz, Norbert","Kósa, Márk Szabolcs",2019,2437/266884,https://dea.lib.unideb.hu/handle/2437/266884
Alkalmazásfejlesztés Android platformra,"Arnóczki, Patrik","Kósa, Márk Szabolcs",2018,2437/259227,https://dea.lib.unideb.hu/handle/2437/259227
Alkalmazásfejlesztés Android platformra,"Pócsik, Norbert","Kósa, Márk Szabolcs",2017,2437/238736,https://dea.lib.unideb.hu/handle/2437/238736
Alkalmazásfejlesztés mobil eszközökre,"Pálfi, Norbert","Kósa, Márk Szabolcs",2011-05-02T07:55:06Z,2437/105537,https://dea.lib.unideb.hu/handle/2437/105537
Android alkalmazásfejlesztés Java nyelven,"Magyar, Melinda Barbara","Kósa, Márk Szabolcs",2020,2437/286394,https://dea.lib.unideb.hu/handle/2437/286394
Feladatkezelő alkalmazás fejlesztése Android és Android Wear eszközökre,"Lakatos, Attila","Kósa, Márk Szabolcs",2018,2437/251319,https://dea.lib.unideb.hu/handle/2437/251319
HemApp,"Czuczor, Gergő","Kósa, Márk Szabolcs",2015,2437/210203,https://dea.lib.unideb.hu/handle/2437/210203
Hálózati alkalmazás fejlesztése a snapszer kártyajátékhoz,"László, Albert","Kósa, Márk Szabolcs",2012-05-31T09:21:57Z,2437/129685,https://dea.lib.unideb.hu/handle/2437/129685
Kalória fogyasztás mérő alkalmazás implementálása,"Harsányi, Tibor","Kósa, Márk Szabolcs",2020,2437/298700,https://dea.lib.unideb.hu/handle/2437/298700
Kliens-szerver alkalmazás .NET Core 2 és Javascript technológiákkal,"Jakab, Sándor","Kósa, Márk Szabolcs",2019,2437/276846,https://dea.lib.unideb.hu/handle/2437/276846
M.A.G.U.S. asztali szerepjátékhoz készített  Android alkalmazás,"Molnár, Ádám","Kósa, Márk Szabolcs",2017,2437/246116,https://dea.lib.unideb.hu/handle/2437/246116
Mobil alkalmazás fejlesztése,"Vereb, György","Kósa, Márk Szabolcs",2020,2437/286388,https://dea.lib.unideb.hu/handle/2437/286388
Optimalizációs alkalmazás készítése az E.ON Energiatermelő Kft. számára,"Körmöndi, Tamás","Kósa, Márk Szabolcs",2014,2437/201519,https://dea.lib.unideb.hu/handle/2437/201519
Sakk alkalmazás fejlesztése .NET technológiával,"Bonta, Mihály Zsolt","Kósa, Márk Szabolcs",2012-06-07T10:22:16Z,2437/129881,https://dea.lib.unideb.hu/handle/2437/129881
Többszemélyes játék fejlesztése Android platformra,"Szimjon, Tímea","Kósa, Márk Szabolcs",2016,2437/233040,https://dea.lib.unideb.hu/handle/2437/233040
Üzleti alkalmazás fejlesztése Java technológiával,"Molnár, Gábor","Kósa, Márk Szabolcs",2014-05-07T08:37:14Z,2437/191519,https://dea.lib.unideb.hu/handle/2437/191519
Nyelvtanulás OCR segítségével applikáció formájában,"Fülöp, Gergely","Lakatos, Róbert",2024,2437/365809,https://dea.lib.unideb.hu/handle/2437/365809
Alkalmazás fejlesztés Java platformon,"Pólya, Péter","Major, Sándor Roland",2019,2437/267684,https://dea.lib.unideb.hu/handle/2437/267684
Android Alkalmazásfejlesztés Java Programozási nyelven,"Jakubecz, Marcell","Major, Sándor Roland",2020,2437/284959,https://dea.lib.unideb.hu/handle/2437/284959
Chat alkalmazás fejlesztése platformfüggetlen webes felületű keretrendszer kialakításával,"Kovács, Sándor","Major, Sándor Roland",2020,2437/286956,https://dea.lib.unideb.hu/handle/2437/286956
Csapattárskereső alkalmazás fejlesztése,"Borz, Albert Ádám","Major, Sándor Roland",2023,2437/351402,https://dea.lib.unideb.hu/handle/2437/351402
Integrált vállalat menedzselési alkalmazás fejlesztése Java nyelven,"Löki, Tamás","Major, Sándor Roland",2020,2437/298958,https://dea.lib.unideb.hu/handle/2437/298958
Számítógép összerakó alkalmazás fejlesztés,"Szűcs, Levente","Major, Sándor Roland",2022,2437/331738,https://dea.lib.unideb.hu/handle/2437/331738
Életmód segítő alkalmazás fejlesztése,"Tarcsa, Tamás","Major, Sándor Roland",2020,2437/286060,https://dea.lib.unideb.hu/handle/2437/286060
Informatikai alkalmazás - alternatív medicina tárgykörben,"Győrfi, Anita","Nagy, Benedek",2013-12-16T13:20:42Z,2437/177733,https://dea.lib.unideb.hu/handle/2437/177733
Blokklánc alapú biztonsági keretrendszer IoT eszközökre,"Nagy, Csaba Norbert","Oláh, Norbert",2024,2437/365930,https://dea.lib.unideb.hu/handle/2437/365930
Blokklánc-alapú dokumentum hitelesítési alkalmazás,"Lazar, Dóra Csilla","Oláh, Norbert",2026,2437/413198,https://dea.lib.unideb.hu/handle/2437/413198
IoT eszközök kommunikációjának védelme,"Lukács, Dávid","Oláh, Norbert",2026,2437/413194,https://dea.lib.unideb.hu/handle/2437/413194
Könnyűsúlyú jeltitkosítási rendszer IoT-hálózatokhoz,"Molnár, Botond","Oláh, Norbert",2026,2437/404451,https://dea.lib.unideb.hu/handle/2437/404451
Navigációs alkalmazás tervezése és megvalósítása beltéri környezetben,"Félegyházi, Gergő","Oláh, Norbert",2026,2437/413196,https://dea.lib.unideb.hu/handle/2437/413196
NFT Blokklánc alapú alkalmazás vizsgálata,"Kiss, Milán","Oláh, Norbert",2022,2437/341469,https://dea.lib.unideb.hu/handle/2437/341469
Okosszerződések – Egy blokklánc alapú alkalmazás vizsgálata,"Tasi, Norbert","Oláh, Norbert",2023,2437/350173,https://dea.lib.unideb.hu/handle/2437/350173
Identity-based Cryptography implementálása IoT eszközre,"Koroknai, Tibor","Oniga, István",2020,2437/287106,https://dea.lib.unideb.hu/handle/2437/287106
Intelligens adatgyűjtő szenzorhálózat kialakítása IoT és ZigBee eszközök segítségével,"Szilágyi, Mihály","Oniga, István",2014,2437/202034,https://dea.lib.unideb.hu/handle/2437/202034
HD video streaming szolgáltatás mobil WiFi környezetben,"Berna, Tibor","Orosz, Péter",2012-05-14T09:53:14Z,2437/128931,https://dea.lib.unideb.hu/handle/2437/128931
Valósidejű kommunikáció mobil Wifi környezetben,"Simon, Béla","Orosz, Péter",2013-01-24T07:13:25Z,2437/156767,https://dea.lib.unideb.hu/handle/2437/156767
Munkabeosztást segítő alkalmazás fejlesztése vállalkozások számára,"Tóth, Ferenc","Papp, Ildikó",2022,2437/331072,https://dea.lib.unideb.hu/handle/2437/331072
Web alapú lokalizációs alkalmazás megvalósítása,"Molnár, Károly","Papp, Zoltán; Diviánszky, Ákos",2009-01-08T10:08:13Z,2437/78052,https://dea.lib.unideb.hu/handle/2437/78052
Matlab applikáció készítése matematikai problémák vizualizálására és megoldására,"Varga, Krisztián","Pecsora, Sándor",2023,2437/352037,https://dea.lib.unideb.hu/handle/2437/352037
IoT eszköz operációs rendszerének sérülékenység vizsgálata,"Csarnai, Márton","Pintér-Huszti, Andrea",2021,2437/306249,https://dea.lib.unideb.hu/handle/2437/306249
IoT eszközök biztonságának vizsgálati sémái és egy konkrét IoT eszköz biztonsági vizsgálata,"Kuczik, Anna","Pintér-Huszti, Andrea",2020,2437/286745,https://dea.lib.unideb.hu/handle/2437/286745
Adatbázis alapú webes alkalmazás fejlesztése,"Kovács, Ádám","Pánovics, János",2012-06-11T08:29:57Z,2437/130040,https://dea.lib.unideb.hu/handle/2437/130040
Android alkalmazásfejlesztés Scala nyelven,"Fekete, Norbert","Pánovics, János",2014-04-29T13:45:01Z,2437/190753,https://dea.lib.unideb.hu/handle/2437/190753
Egy keresztrejtvény-szerkesztő alkalmazás fejlesztése,"Ilku, György","Pánovics, János",2013-05-03T07:33:52Z,2437/166631,https://dea.lib.unideb.hu/handle/2437/166631
Egy webshop alkalmazás fejlesztése bútorasztalos vállalkozás számára,"Varga, Ádám","Pánovics, János",2015,2437/220025,https://dea.lib.unideb.hu/handle/2437/220025
Eszközigénylõ alkalmazás készítése szabad szoftverek felhasználásával,"Varga, Attila","Pánovics, János",2008-04-25T07:42:10Z,2437/4086,https://dea.lib.unideb.hu/handle/2437/4086
Fodrász alkalmazás,"Pintér, Nándor","Pánovics, János",2025,2437/394997,https://dea.lib.unideb.hu/handle/2437/394997
Hobbitámogató alkalmazás fejlesztése,"Kovács, Ferencz","Pánovics, János",2020,2437/286410,https://dea.lib.unideb.hu/handle/2437/286410
Költségkövető alkalmazás fejlesztése  felhasználói interakciókra és adatelemzésre  építve,"Mészáros, Levente","Pánovics, János",2026,2437/413322,https://dea.lib.unideb.hu/handle/2437/413322
Metronóm alkalmazás fejlesztése,"Rubóczki, Tamás","Pánovics, János",2013-05-02T11:19:50Z,2437/166516,https://dea.lib.unideb.hu/handle/2437/166516
"Munkalap kezelő, adatbázis alapú webes alkalmazás fejlesztése ingyenes eszközökkel","Olajos, Mihály","Pánovics, János",2013-01-09T08:22:54Z,2437/155450,https://dea.lib.unideb.hu/handle/2437/155450
Riportáló alkalmazás fejlesztése,"Jenei, Gábor","Pánovics, János",2019,2437/277025,https://dea.lib.unideb.hu/handle/2437/277025
SmartHome alkalmazás készítése Android platformra,"Dankai, László Ádám","Pánovics, János",2019,2437/265892,https://dea.lib.unideb.hu/handle/2437/265892
SwiftUI-alapú kávéalkalmazás fejlesztése iOS platformon,"Szabó, Vanessza","Pánovics, János",2025,2437/387500,https://dea.lib.unideb.hu/handle/2437/387500
Szókincsfejlesztő és -tesztelő alkalmazás angol nyelvből,"Birki, László","Pánovics, János",2019,2437/276474,https://dea.lib.unideb.hu/handle/2437/276474
Szótanulást segítő webes alkalmazás készítése,"Nagy, Diána Viktória","Pánovics, János",2012-12-11T12:02:59Z,2437/154897,https://dea.lib.unideb.hu/handle/2437/154897
Termékexport menedzsment alkalmazás fejlesztése,"Zajdó, Szabolcs","Pánovics, János",2013-05-23T08:14:19Z,2437/169088,https://dea.lib.unideb.hu/handle/2437/169088
Tesztkitöltő és -kiértékelő alkalmazás fejlesztése Node.js környezetben,"Veréb, Dóra","Pánovics, János",2017,2437/246240,https://dea.lib.unideb.hu/handle/2437/246240
Unity applikáció informatikai készségek játékos fejlesztésére,"Mezei, Kornélia","Pánovics, János",2024,2437/374474,https://dea.lib.unideb.hu/handle/2437/374474
Végpontok között titkosított üzenetküldő alkalmazás fejlesztése,"Juhász, Miron Benjámin","Pánovics, János",2025,2437/394993,https://dea.lib.unideb.hu/handle/2437/394993
Webes felülettel ellátott adatbázis-kezelő alkalmazás készítése ingyenes szoftverek felhasználásával,"Lászlók, Zsolt","Pánovics, János",2007-05-07T09:53:16Z,2437/2192,https://dea.lib.unideb.hu/handle/2437/2192
Webes felülettel ellátott műszeradatbázis-kezelő alkalmazás fejlesztése,"Szarvas, László","Pánovics, János",2012-04-28T10:36:42Z,2437/128207,https://dea.lib.unideb.hu/handle/2437/128207
Webes hallásfejlesztő alkalmazás fejlesztése,"Sáfrány, Kristóf","Pánovics, János",2022,2437/331978,https://dea.lib.unideb.hu/handle/2437/331978
Weboldal állapot ellenőrző webes applikáció fejlesztése,"Telegdy, Mátyás Bendegúz","Pánovics, János",2020,2437/299189,https://dea.lib.unideb.hu/handle/2437/299189
Árajánlat-készítő alkalmazás fejlesztése,"Turcsán, Gyula Bence","Pánovics, János",2020,2437/298780,https://dea.lib.unideb.hu/handle/2437/298780
Órarendtervező alkalmazás tervezése,"Benikovszky, Péter","Pánovics, János",2020,2437/287108,https://dea.lib.unideb.hu/handle/2437/287108
Földrajzi pozíciók és kapcsolódó információk megjelenítése-webes alkalmazás fejlesztése Java EE és .NET környezetben,"Tándor, Ágnes","Rutkovszky, Edéné",2009-12-07T08:03:12Z,2437/90670,https://dea.lib.unideb.hu/handle/2437/90670
Web alapú alkalmazás,"Nagy, Miklós","Rutkovszky, Edéné",2007-05-22T08:55:00Z,2437/2353,https://dea.lib.unideb.hu/handle/2437/2353
Web alapú alkalmazás fejlesztése,"Sipos, Márton","Rutkovszky, Edéné",2009-05-04T10:53:05Z,2437/85252,https://dea.lib.unideb.hu/handle/2437/85252
Web alapú alkalmazás fejlesztése,"Mező, András; Zavaczki, Zsolt","Rutkovszky, Edéné",2009-05-04T10:58:42Z,2437/85253,https://dea.lib.unideb.hu/handle/2437/85253
Webes alapú alkalmazás fejlesztése,"Erdős, Imre","Rutkovszky, Edéné",2009-12-03T07:51:44Z,2437/90621,https://dea.lib.unideb.hu/handle/2437/90621
Web alapú alkalmazás fejlesztése,"Földi, Ferenc Norbert","Rutkovszky, Edéné; Pázmányi, Sándor",2009-11-19T10:10:26Z,2437/90274,https://dea.lib.unideb.hu/handle/2437/90274
Mobilalkalmazás gépi tanulással: Pénzügyi döntések formálása előrejelzésekkel és elemzésekkel,"Péter, Marcell","Szabó, Máté",2026,2437/413273,https://dea.lib.unideb.hu/handle/2437/413273
Vizsgáztató alkalmazás egyetemistáknak Spring Boot és Angular alapokon,"Komlósi, Dávid","Szabó, Máté",2024,2437/374455,https://dea.lib.unideb.hu/handle/2437/374455
Alkalmazás rendszerüzemeltetés szabványosítása nagyvállalati környezetben,"Rák, János","Szabó, Sándor Attila; Kocsis, Gergely",2016,2437/233195,https://dea.lib.unideb.hu/handle/2437/233195
Mobil marketing,"Tarjányi, Beáta","Szabóné Pataky, Eszter",2012-06-07T07:43:51Z,2437/129846,https://dea.lib.unideb.hu/handle/2437/129846
A ScoreBoard sporteredmény alkalmazás,"Ballai, László Sándor","Szathmáry, László",2025,2437/387380,https://dea.lib.unideb.hu/handle/2437/387380
Alkalmazás fejlesztés Python nyelven,"Sass, Tamás","Szathmáry, László",2020,2437/285667,https://dea.lib.unideb.hu/handle/2437/285667
Android alkalmazásfejlesztés Java nyelven,"Sárközi, Dániel Lajos","Szathmáry, László",2026,2437/413277,https://dea.lib.unideb.hu/handle/2437/413277
Esport verseny szervező Android alkalmazás,"Barczi, István","Szathmáry, László",2025,2437/387386,https://dea.lib.unideb.hu/handle/2437/387386
Fitnesz alkalmazás fejlesztés mobil eszközre C# nyelven,"Veres, Attila","Szathmáry, László",2026,2437/404487,https://dea.lib.unideb.hu/handle/2437/404487
Fotó alapú Sudoku alkalmazás fejlesztése Flutterben Python FastAPI backend használatával,"Csuka, Balázs","Szathmáry, László",2024,2437/374567,https://dea.lib.unideb.hu/handle/2437/374567
Gitár oktató webes alkalmazás Flask keretrendszerrel,"Csontos, Réka Hanga","Szathmáry, László",2022,2437/330761,https://dea.lib.unideb.hu/handle/2437/330761
Kép- és videójavító alkalmazás Real-ESRGAN neurális hálózatra építve,"Simon, Mihály Miklós","Szathmáry, László",2024,2437/365922,https://dea.lib.unideb.hu/handle/2437/365922
Készletkarbantartó és áru nyomkövető alkalmazás élelmiszercsomagoló üzem részére,"Varga, Vencel Imre","Szathmáry, László",2013-06-13T08:47:51Z,2437/170848,https://dea.lib.unideb.hu/handle/2437/170848
Költségvetés követő alkalmazás fejlesztése Angular keretrendszerrel,"Kovács, Nikoletta","Szathmáry, László",2022,2437/332114,https://dea.lib.unideb.hu/handle/2437/332114
Nyelvtanulást segítő grafikus alkalmazás fejlesztése Python nyelven,"Mátyus, Gergő","Szathmáry, László",2015,2437/213099,https://dea.lib.unideb.hu/handle/2437/213099
Nyelvtanulást segítő mobilalkalmazás fejlesztése,"Nagy, Kristián","Szathmáry, László",2022,2437/332061,https://dea.lib.unideb.hu/handle/2437/332061
Webes alkalmazás fejlesztése Scala nyelven,"Orbán, István","Szathmáry, László",2016,2437/225643,https://dea.lib.unideb.hu/handle/2437/225643
Webes feladat menedzselő alkalmazás fejlesztése,"Kékesi, Roland","Szathmáry, László",2021,2437/324829,https://dea.lib.unideb.hu/handle/2437/324829
Webes ételrendelő alkalmazás Python nyelven,"Molnár, András Imre","Szathmáry, László",2021,2437/307104,https://dea.lib.unideb.hu/handle/2437/307104
Élő sportfogadást segítő alkalmazás fejlesztése .NET MAUI keretrendszerrel,"Fetter, Dávid","Szathmáry, László",2024,2437/374566,https://dea.lib.unideb.hu/handle/2437/374566
Alkalmazás fejlesztése Python nyelven,"Hernyák, István","Szathmáry, László; Bíró, Csaba",2022,2437/341417,https://dea.lib.unideb.hu/handle/2437/341417
Gesztusvezérelt alkalmazás fejlesztése,"Kalász, László Zoltán","Szeghalmy, Szilvia",2016,2437/227544,https://dea.lib.unideb.hu/handle/2437/227544
Gesztusvezérlésű Android játék,"Somogyi, Róbert","Szeghalmy, Szilvia",2021,2437/306458,https://dea.lib.unideb.hu/handle/2437/306458
Képfeldolgozás Android platformon,"Fodor, Attila","Szeghalmy, Szilvia",2018,2437/250642,https://dea.lib.unideb.hu/handle/2437/250642
Mobilos parkoló alkalmazás megvalósítása képfeldolgozási módszerekkel,"Kosztur, Zoltán","Szeghalmy, Szilvia",2017,2437/239710,https://dea.lib.unideb.hu/handle/2437/239710
Webes gesztusvezérlő alkalmazás fejlesztése,"Szabó, Bettina","Szeghalmy, Szilvia",2017,2437/246242,https://dea.lib.unideb.hu/handle/2437/246242
Windowsos játék alkalmazás fejlesztése Kinect szenzor felhasználásával,"Szabó, Attila","Szeghalmy, Szilvia",2017,2437/238639,https://dea.lib.unideb.hu/handle/2437/238639
Többutas alagút technológia alkalmazási lehetőségeinek vizsgálata otthoni és mobil hálózati környezetben,"Fejes, Ferenc; Katona, Róbert","Szilágyi, Szabolcs; Rácz, Sándor",2017,2437/246149,https://dea.lib.unideb.hu/handle/2437/246149
Többutas alagút technológia alkalmazási lehetőségeinek vizsgálata otthoni és mobil hálózati környezetben,"Fejes, Ferenc; Katona, Róbert","Szilágyi, Szabolcs; Rácz, Sándor",2018,2437/249590,https://dea.lib.unideb.hu/handle/2437/249590
Sorbanállási rendszerek implementálása a QSA (queueing systems assistance) alkalmazás,"Szászi, Szabolcs Gyula","Sztrik, János",2019,2437/276805,https://dea.lib.unideb.hu/handle/2437/276805
Mobilapplikáció által vezérelt pályakövető robot,"Faragó, Patrik Bálint","Sütő, József",2025,2437/387483,https://dea.lib.unideb.hu/handle/2437/387483
Okos otthon vezérlő applikáció fejlesztése,"Sárközi, Dániel Kristóf","Tajti, Tibor Gábor",2024,2437/374629,https://dea.lib.unideb.hu/handle/2437/374629
A FinTech fejlődése Magyarországon és az OTP mobil szolgáltató Kft. és a Barion Payment Zrt. Fintech cégek összehasonlító elemzése,"Kapin, Nikoletta Judit","Takács, Viktor László",2023,2437/350245,https://dea.lib.unideb.hu/handle/2437/350245
A művészetek világa: Visual Basic alapú alkalmazás műalkotások felfedezéséhez és értékeléséhez,"Molnár, Máté Simon","Tiba, Attila",2025,2437/387436,https://dea.lib.unideb.hu/handle/2437/387436
Adminisztrációs alkalmazás fodrászoknak Java alapon,"Áncsán, Kristóf","Tiba, Attila",2022,2437/341531,https://dea.lib.unideb.hu/handle/2437/341531
Asztalitenisz versenyszervezéssel kapcsolatos adminisztrációs alkalmazás tervezése és fejlesztése,"Varga, Kristóf","Tiba, Attila",2024,2437/365942,https://dea.lib.unideb.hu/handle/2437/365942
Autós webes alkalmazás fejlesztése,"Kocsis, Sándor","Tiba, Attila",2026,2437/404418,https://dea.lib.unideb.hu/handle/2437/404418
E-sport verseny szervező alkalmazás készítése Visual Basic for Applications segítségével,"Galamb, Gergő","Tiba, Attila",2024,2437/374419,https://dea.lib.unideb.hu/handle/2437/374419
Fizikai mozgás nyomon követését elősegítő webes alkalmazás fejlesztése: WebGainz,"Bíró, Zsombor Zsolt","Tiba, Attila",2025,2437/394779,https://dea.lib.unideb.hu/handle/2437/394779
Háztartási nagygépeket forgalmazó alkalmazás létrehozása VBA eszközök segítségével,"Lázár, Gergő","Tiba, Attila",2022,2437/341287,https://dea.lib.unideb.hu/handle/2437/341287
Instant messaging alkalmazás a weben,"Szél, Attila","Tiba, Attila",2024,2437/365963,https://dea.lib.unideb.hu/handle/2437/365963
Interaktív VBA alkalmazás készítése a Microsoft Excel matematikai funkcióinak felhasználóbarát bővítéséhez,"Nagy, Máté","Tiba, Attila",2021,2437/324659,https://dea.lib.unideb.hu/handle/2437/324659
Java alapú ebédrendelő alkalmazás készítése kifőzdék számára,"Veres, Dávid","Tiba, Attila",2024,2437/374424,https://dea.lib.unideb.hu/handle/2437/374424
Java alapú webes jegyzet- és projektmenedzsment alkalmazás tervezése és megvalósítása Spring Boot keretrendszerrel,"Géczi, János","Tiba, Attila",2026,2437/413387,https://dea.lib.unideb.hu/handle/2437/413387
Java applikáció könyvesbolti tevékenységek kezelésére,"Halász, Ruben","Tiba, Attila",2023,2437/349889,https://dea.lib.unideb.hu/handle/2437/349889
Rendeléskezelő applikáció Java SE-nel,"Bartha, Zoltán","Tiba, Attila",2022,2437/331096,https://dea.lib.unideb.hu/handle/2437/331096
Sorozat követő alkalmazás,"Szabó, Zsolt","Tiba, Attila",2025,2437/387437,https://dea.lib.unideb.hu/handle/2437/387437
Szakember kereső alkalmazás,"Lőrincz, Kristóf Mihály","Tiba, Attila",2026,2437/404417,https://dea.lib.unideb.hu/handle/2437/404417
Visual Basic for Application alkalmazás készítése a cukrászdák hatékonyabb működéséhez.,"Zombori, László","Tiba, Attila",2021,2437/306417,https://dea.lib.unideb.hu/handle/2437/306417
Webes alkalmazás interaktív filmajánláshoz,"Mózsik, Imre","Tiba, Attila",2025,2437/394783,https://dea.lib.unideb.hu/handle/2437/394783
Webes alkalmazás kártyagyűjtemények leltárvezetéséhez,"Karalyos, Gergő","Tiba, Attila",2023,2437/350784,https://dea.lib.unideb.hu/handle/2437/350784
WebPláza alkalmazás fejlesztése,"Jakab, Szabolcs","Tiba, Attila",2024,2437/374418,https://dea.lib.unideb.hu/handle/2437/374418
Digitális jelentkezési rendszer fejlesztése Power Apps-ben - vállalati toborzási események támogatására,"Balogh, Dénes","Tiba, Attila; Szabó, Zsombor",2026,2437/404419,https://dea.lib.unideb.hu/handle/2437/404419
Használtóra értékesítő mobilalkalmazás készítése,"Hegedüs, Bálint","Tomán, Henrietta",2025,2437/394759,https://dea.lib.unideb.hu/handle/2437/394759
Képfeldolgozó alkalmazás fejlesztése könyvelési célokra,"Kovács, Erik Kevin","Tomán, Henrietta",2026,2437/413210,https://dea.lib.unideb.hu/handle/2437/413210
Mobil alkalmazások fejlesztése,"Zsabej, Márk","Tomán, Henrietta",2025,2437/394752,https://dea.lib.unideb.hu/handle/2437/394752
Mobillal Vezérelt Házi Hálózat,"Gerengay, Tamás","Tomán, Henrietta",2014-06-06T10:21:33Z,2437/193885,https://dea.lib.unideb.hu/handle/2437/193885
Sudoku-megoldó alkalmazás fejlesztése képfeldolgozással,"Preg, István Tamás","Tomán, Henrietta",2022,2437/341289,https://dea.lib.unideb.hu/handle/2437/341289
Tower Defense játék fejlesztése Unityben Android és Windows operációs rendszerre,"Becsky, Roland Tamás","Tomán, Henrietta",2023,2437/351253,https://dea.lib.unideb.hu/handle/2437/351253
Autodesk 3ds Max alkalmazás animációs rövidfilm készítéséhez,"Buzás, Dóra","Tomán, Henrietta; Horváth, Ákos",2013-06-11T08:19:23Z,2437/170740,https://dea.lib.unideb.hu/handle/2437/170740
Android Memory and CPU Management,"Zeytinli, Mustafa","Tornai, Róbert",2015,2437/211855,https://dea.lib.unideb.hu/handle/2437/211855
Grafikus Java Alkalmazás,"Pick, Szabina","Tornai, Róbert",2011-04-27T09:25:03Z,2437/105085,https://dea.lib.unideb.hu/handle/2437/105085
Házipénztár alkalmazás fejlesztése Android platformra,"Munkácsi, Tamás","Tornai, Róbert",2014,2437/201721,https://dea.lib.unideb.hu/handle/2437/201721
Párhuzamos Képfeldolgozó és Képszerkesztő Alkalmazás Rustban,"Bártfai, Botond","Tornai, Róbert",2026,2437/413361,https://dea.lib.unideb.hu/handle/2437/413361
Vizsgáztatást segítő alkalmazás Java nyelven,"Urbán, Attila","Tornai, Róbert",2011-04-01T08:34:44Z,2437/103628,https://dea.lib.unideb.hu/handle/2437/103628
Könyvkölcsönző webes alkalmazás fejlesztése,"Czipa, Csaba","Tóth, Erzsébet",2026,2437/413258,https://dea.lib.unideb.hu/handle/2437/413258
Mesterséges intelligenciával támogatott alkalmazás fejlesztése jelentkezési adatok kezeléséhez,"Varga, József Márk","Tóth, János",2025,2437/395050,https://dea.lib.unideb.hu/handle/2437/395050
Hálózati alkalmazás fejlesztése meteorológiai rendszerhez,"Csizmadia, Gábor","Tóth, László",2013-04-25T11:58:17Z,2437/165690,https://dea.lib.unideb.hu/handle/2437/165690
Rendszerfrissítő alkalmazás mikrokontrolleren alapuló időjárás-előrejelző rendszerhez,"Ferenc, Bálint","Tóth, László",2012-12-04T14:31:44Z,2437/153710,https://dea.lib.unideb.hu/handle/2437/153710
"Videó, film felirat konvertáló alkalmazás","Rimóczi, Lóránd András","Tóth, Róbert",2025,2437/395076,https://dea.lib.unideb.hu/handle/2437/395076
Felhőben futtatott androidos alkalmazás fejlesztése,"Torda, Péter","Tóth, Ádám",2021,2437/324984,https://dea.lib.unideb.hu/handle/2437/324984
Fitnesz nyilvántartó alkalmazás,"Korcsmáros, Tamás","Tóth, Ádám",2026,2437/404391,https://dea.lib.unideb.hu/handle/2437/404391
Felhasználói felület környezeti adatok monitorozásához Android rendszeren,"Lőkös, Áron","Ujvári, Balázs",2025,2437/394796,https://dea.lib.unideb.hu/handle/2437/394796
Közösségi közlekedést elősegítő alkalmazás,"Karátsony, Ádám","Varga, Imre",2024,2437/374617,https://dea.lib.unideb.hu/handle/2437/374617
Mobile Device Management megoldások nagyvállalati környezetben,"Albert, Tamás","Varga, Imre",2016,2437/232984,https://dea.lib.unideb.hu/handle/2437/232984
Google demo alkalmazás integrálása Amazon AWS környezetbe,"Incze, Krisztián Imre","Varga, Imre; Tarsoly, Sándor",2026,2437/413392,https://dea.lib.unideb.hu/handle/2437/413392
Adatbázisos alkalmazás fejlesztése: A MixBase rendszer,"Bocskai, Norbert","Vágner, Anikó",2013-05-03T08:19:24Z,2437/166645,https://dea.lib.unideb.hu/handle/2437/166645
Agilis módszertant támogató alkalmazás,"Türk, Ottó","Vágner, Anikó",2014,2437/202781,https://dea.lib.unideb.hu/handle/2437/202781
Alkalkalmazásfejlesztés iOS platformra,"Imre, Gergely László","Vágner, Anikó",2016,2437/233119,https://dea.lib.unideb.hu/handle/2437/233119
Alkalmazás fejlesztés Android platformra,"Kistamás, Dávid","Vágner, Anikó",2020,2437/298224,https://dea.lib.unideb.hu/handle/2437/298224
Alkalmazás fejlesztés Android platformra Kotlin nyelven,"Németh, Máté Bence","Vágner, Anikó",2021,2437/306193,https://dea.lib.unideb.hu/handle/2437/306193
Alkalmazás fejlesztés C#-ban,"Balogh, István","Vágner, Anikó",2017,2437/245510,https://dea.lib.unideb.hu/handle/2437/245510
Alkalmazás tervezése,"Szabó, Péter","Vágner, Anikó",2013-05-16T12:03:28Z,2437/168371,https://dea.lib.unideb.hu/handle/2437/168371
Asztali alkalmazás,"Tóth, Balázs","Vágner, Anikó",2020,2437/284259,https://dea.lib.unideb.hu/handle/2437/284259
Asztali alkalmazás fejlesztése,"Butcovan, György","Vágner, Anikó",2022,2437/341380,https://dea.lib.unideb.hu/handle/2437/341380
Asztali alkalmazás fejlesztése,"Hirku, Tamás","Vágner, Anikó",2021,2437/306963,https://dea.lib.unideb.hu/handle/2437/306963
Atlassian alkalmazás fejlesztése,"Borvíz, Róbert András","Vágner, Anikó",2021,2437/306180,https://dea.lib.unideb.hu/handle/2437/306180
Autókölcsönző mobil alkalmazás,"Simion, Tamás","Vágner, Anikó",2022,2437/338848,https://dea.lib.unideb.hu/handle/2437/338848
Az én iOS webáruházam,"Geszti, Bence","Vágner, Anikó",2020,2437/299187,https://dea.lib.unideb.hu/handle/2437/299187
E-sport eredmény nyílvántartó alkalmazás,"Molnár, Zoltán","Vágner, Anikó",2024,2437/365837,https://dea.lib.unideb.hu/handle/2437/365837
Egészség megőrzést támogató mobil alkalmazás fejlesztése,"Lámfalusi, Csaba","Vágner, Anikó",2017,2437/239469,https://dea.lib.unideb.hu/handle/2437/239469
Fitnesz mobil alkalmazás fejlesztés kotlin nyelven,"Guth, Károly","Vágner, Anikó",2021,2437/307291,https://dea.lib.unideb.hu/handle/2437/307291
Gamification webes alkalmazás fejlesztése Java nyelven,"Bódis, Gábor","Vágner, Anikó",2021,2437/325834,https://dea.lib.unideb.hu/handle/2437/325834
Hatékony alkalmazásfejlesztés Android Platformon,"R. Benedek, László","Vágner, Anikó",2017,2437/245953,https://dea.lib.unideb.hu/handle/2437/245953
Interaktív városvezetés mobilalkalmazás segítségével,"Mészáros, László","Vágner, Anikó",2020,2437/286244,https://dea.lib.unideb.hu/handle/2437/286244
Iskolai portarendszert segítő alkalmazás,"Belics, Fanni","Vágner, Anikó",2023,2437/351836,https://dea.lib.unideb.hu/handle/2437/351836
Mobil alkalmazások fejlesztése,"Bozsányi, András","Vágner, Anikó",2019,2437/266519,https://dea.lib.unideb.hu/handle/2437/266519
Mobilalkalmazás,"Vékony, Orsolya Petra","Vágner, Anikó",2022,2437/340831,https://dea.lib.unideb.hu/handle/2437/340831
Mobilalkalmazás fejlesztése,"Mester, Ákos","Vágner, Anikó",2023,2437/350175,https://dea.lib.unideb.hu/handle/2437/350175
Mobilalkalmazás-fejlesztés Android platformra,"Fenesi, Gábor István","Vágner, Anikó",2016,2437/225490,https://dea.lib.unideb.hu/handle/2437/225490
Mobilalkalmazás-fejlesztés Android platformra,"Kosárkár, Miklós","Vágner, Anikó",2021,2437/308732,https://dea.lib.unideb.hu/handle/2437/308732
Pillanatkép az Android alkalmazásfejlesztés aktuális állapotáról egy eseményszervező alkalmazás segítségével,"Kiss, Gergő","Vágner, Anikó",2021,2437/324157,https://dea.lib.unideb.hu/handle/2437/324157
Személyi edzetteket támogató mobilalkalmazás,"Káplár, István","Vágner, Anikó",2022,2437/339854,https://dea.lib.unideb.hu/handle/2437/339854
Taxi alkalmazás Android platformon,"Sápi, Gábor","Vágner, Anikó",2022,2437/339733,https://dea.lib.unideb.hu/handle/2437/339733
Webes alkalmazás fejlesztése,"Kóti, Bence","Vágner, Anikó",2022,2437/340243,https://dea.lib.unideb.hu/handle/2437/340243
Éttermi applikáció Java alapokon,"File, Péter","Vágner, Anikó",2019,2437/276645,https://dea.lib.unideb.hu/handle/2437/276645
CinemApp - Online mozijegy foglaló webalkalmazás,"Magyar, Zsófia","Vágner, Anikó Szilvia",2026,2437/413104,https://dea.lib.unideb.hu/handle/2437/413104
"IoT rendszer tervezése, kivitelezése és telefonos irányítása","Tóth, Kristóf Imre","Vágner, Anikó Szilvia",2024,2437/374557,https://dea.lib.unideb.hu/handle/2437/374557
NoSQL alapú mobilalkalmazás fejlesztése,"Nagy, Mónika","Vágner, Anikó Szilvia",2026,2437/413111,https://dea.lib.unideb.hu/handle/2437/413111
Valós idejű forgalommeghatározó mobilalkalmazás,"Fekete, Adrián","Vágner, Anikó Szilvia",2026,2437/413108,https://dea.lib.unideb.hu/handle/2437/413108
iOS alapú AR alkalmazásfejlesztés,"Pintér, Balázs Levente","Zichar, Marianna",2022,2437/340506,https://dea.lib.unideb.hu/handle/2437/340506
Web3 dapp (Decentralizált applikáció),"Lockár, Miklós","Zichar, Marianna",2024,2437/365961,https://dea.lib.unideb.hu/handle/2437/365961
Webes alkalmazás fejlesztés CesiumJS használatával,"Szabó, Sándor Miklós","Zichar, Marianna",2020,2437/286683,https://dea.lib.unideb.hu/handle/2437/286683
Webes alkalmazás fejlesztése ételfutároknak,"Uj, Balázs","Zichar, Marianna",2024,2437/365966,https://dea.lib.unideb.hu/handle/2437/365966
Webes applikáció React alapokon,"Révi, Norbert","Zichar, Marianna",2026,2437/413411,https://dea.lib.unideb.hu/handle/2437/413411
Az interaktív tábla alkalmazás informatika órán,"Kelemenné Nagy, Anikó","Ziliziné Bertalan, Gabriella",2009-05-04T13:01:59Z,2437/85263,https://dea.lib.unideb.hu/handle/2437/85263
